[{"pk": 12, "model": "frontend.patient", "fields": {"contact_number": "0865145814", "firstname": "\u0e40\u0e15\u0e49\u0e22", "lastname": "", "confirm_by": "both", "sound_for_name": "", "hn": "8147", "email": "vachee814@gmail.com"}}, {"pk": 13, "model": "frontend.patient", "fields": {"contact_number": "0899503808", "firstname": "\u0e1c\u0e31\u0e14", "lastname": "\u0e19\u0e23\u0e23\u0e31\u0e15\u0e19\u0e4c", "confirm_by": "both", "sound_for_name": "", "hn": "81224/54", "email": "primus_magnet@yahoo.com"}}, {"pk": 14, "model": "frontend.patient", "fields": {"contact_number": "0869835983", "firstname": "\u0e2d\u0e23\u0e1e\u0e34\u0e19\u0e17\u0e4c", "lastname": "\u0e27\u0e32\u0e19\u0e34\u0e0a\u0e40\u0e08\u0e23\u0e34\u0e0d\u0e18\u0e23\u0e23\u0e21", "confirm_by": "both", "sound_for_name": "", "hn": "92886/54", "email": "kkanlayarat@gmail.com"}}, {"pk": 15, "model": "frontend.patient", "fields": {"contact_number": "0815700577", "firstname": "\u0e44\u0e21\u0e25\u0e4c", "lastname": "\u0e1e\u0e37\u0e0a\u0e19\u0e30", "confirm_by": "both", "sound_for_name": "", "hn": "25859/55", "email": "wannapap_ann@hotmail.com"}}, {"pk": 16, "model": "frontend.patient", "fields": {"contact_number": "0849337248", "firstname": "\u0e1a\u0e38\u0e0d\u0e23\u0e31\u0e15\u0e19\u0e4c", "lastname": "\u0e1e\u0e34\u0e21\u0e1e\u0e32\u0e19\u0e34\u0e0a", "confirm_by": "sms", "sound_for_name": "", "hn": "49371/53", "email": ""}}, {"pk": 17, "model": "frontend.patient", "fields": {"contact_number": "0859067377", "firstname": "\u0e2d\u0e20\u0e34\u0e40\u0e0a\u0e29\u0e10\u0e4c", "lastname": "\u0e2a\u0e21\u0e1a\u0e31\u0e15\u0e34\u0e01\u0e33\u0e44\u0e23", "confirm_by": "sms", "sound_for_name": "", "hn": "89489/55", "email": ""}}, {"pk": 18, "model": "frontend.patient", "fields": {"contact_number": "0818617284", "firstname": "\u0e08\u0e34\u0e23\u0e1e\u0e31\u0e19\u0e18\u0e38\u0e4c", "lastname": "\u0e27\u0e35\u0e23\u0e30\u0e0d\u0e32\u0e42\u0e13", "confirm_by": "email", "sound_for_name": "", "hn": "2351/54", "email": "jirapan@thaitohmado.co.th"}}, {"pk": 19, "model": "frontend.patient", "fields": {"contact_number": "0880207319", "firstname": "\u0e1e\u0e27\u0e07\u0e1b\u0e30\u0e01\u0e32", "lastname": "\u0e40\u0e15\u0e34\u0e21\u0e2a\u0e38\u0e02", "confirm_by": "sms", "sound_for_name": "", "hn": "60249/53", "email": ""}}, {"pk": 20, "model": "frontend.patient", "fields": {"contact_number": "0816393537", "firstname": "\u0e40\u0e23\u0e34\u0e07\u0e27\u0e31\u0e12\u0e19\u0e4c", "lastname": "", "confirm_by": "sms", "sound_for_name": "", "hn": "75996/55", "email": ""}}, {"pk": 21, "model": "frontend.patient", "fields": {"contact_number": "0804561149", "firstname": "\u0e0a\u0e31\u0e22\u0e27\u0e31\u0e12\u0e19\u0e4c \u0e17\u0e2d\u0e22", "lastname": "\u0e08\u0e33\u0e19\u0e07\u0e04\u0e4c\u0e2d\u0e32\u0e29\u0e32", "confirm_by": "both", "sound_for_name": "", "hn": "111351/55", "email": "chaiwat@anglo-dutch.co.th"}}, {"pk": 22, "model": "frontend.patient", "fields": {"contact_number": "0835453694", "firstname": "\u0e1e\u0e40\u0e22\u0e32\u0e27\u0e4c", "lastname": "\u0e40\u0e17\u0e28\u0e19\u0e4c\u0e22\u0e34\u0e49\u0e21", "confirm_by": "sms", "sound_for_name": "", "hn": "15087/34", "email": ""}}, {"pk": 23, "model": "frontend.patient", "fields": {"contact_number": "0860216060", "firstname": "\u0e0a\u0e22\u0e27\u0e38\u0e12\u0e34", "lastname": "\u0e2a\u0e38\u0e01\u0e1b\u0e25\u0e31\u0e48\u0e07", "confirm_by": "email", "sound_for_name": "", "hn": "2466/55", "email": "chaiyawut.so@gmail.com"}}, {"pk": 2, "model": "frontend.visit", "fields": {"date": "2013-01-23", "patient": 13, "visit_type": "hospital"}}, {"pk": 3, "model": "frontend.visit", "fields": {"date": "2013-01-23", "patient": 15, "visit_type": "hospital"}}, {"pk": 4, "model": "frontend.visit", "fields": {"date": "2013-01-23", "patient": 14, "visit_type": "hospital"}}, {"pk": 5, "model": "frontend.visit", "fields": {"date": "2013-01-23", "patient": 16, "visit_type": "hospital"}}, {"pk": 6, "model": "frontend.visit", "fields": {"date": "2013-01-23", "patient": 17, "visit_type": "hospital"}}, {"pk": 3, "model": "frontend.log", "fields": {"email_count": 38, "sms_count": 34, "created": "2013-01-31"}}, {"pk": 104, "model": "frontend.record", "fields": {"status": "\u0e15\u0e2d\u0e1a\u0e01\u0e25\u0e31\u0e1a\u0e41\u0e25\u0e49\u0e27", "submitted_by": "web", "patient": 13, "voicemail": "", "period": "morning", "datetime": "2013-01-23T02:50:55Z"}}, {"pk": 105, "model": "frontend.record", "fields": {"status": "\u0e15\u0e2d\u0e1a\u0e01\u0e25\u0e31\u0e1a\u0e41\u0e25\u0e49\u0e27", "submitted_by": "web", "patient": 14, "voicemail": "", "period": "morning", "datetime": "2013-01-23T02:50:35Z"}}, {"pk": 106, "model": "frontend.record", "fields": {"status": "\u0e15\u0e2d\u0e1a\u0e01\u0e25\u0e31\u0e1a\u0e41\u0e25\u0e49\u0e27", "submitted_by": "web", "patient": 15, "voicemail": "", "period": "morning", "datetime": "2013-01-23T02:50:35Z"}}, {"pk": 108, "model": "frontend.record", "fields": {"status": "\u0e15\u0e2d\u0e1a\u0e01\u0e25\u0e31\u0e1a\u0e41\u0e25\u0e49\u0e27", "submitted_by": "ivr", "patient": 16, "voicemail": "2013-01-23_11-30-26_0849337248.mp3", "period": "morning", "datetime": "2013-01-23T02:46:29Z"}}, {"pk": 111, "model": "frontend.record", "fields": {"status": "\u0e15\u0e2d\u0e1a\u0e01\u0e25\u0e31\u0e1a\u0e41\u0e25\u0e49\u0e27", "submitted_by": "sms", "patient": 17, "voicemail": "", "period": "morning", "datetime": "2013-01-23T04:58:14Z"}}, {"pk": 118, "model": "frontend.record", "fields": {"status": "\u0e15\u0e2d\u0e1a\u0e01\u0e25\u0e31\u0e1a\u0e41\u0e25\u0e49\u0e27", "submitted_by": "web", "patient": 15, "voicemail": "", "period": "morning", "datetime": "2013-01-24T11:50:46Z"}}, {"pk": 119, "model": "frontend.record", "fields": {"status": "\u0e15\u0e2d\u0e1a\u0e01\u0e25\u0e31\u0e1a\u0e41\u0e25\u0e49\u0e27", "submitted_by": "web", "patient": 15, "voicemail": "", "period": "morning", "datetime": "2013-01-27T13:36:48Z"}}, {"pk": 120, "model": "frontend.record", "fields": {"status": "\u0e15\u0e2d\u0e1a\u0e01\u0e25\u0e31\u0e1a\u0e41\u0e25\u0e49\u0e27", "submitted_by": "web", "patient": 15, "voicemail": "", "period": "morning", "datetime": "2013-01-27T13:33:03Z"}}, {"pk": 122, "model": "frontend.record", "fields": {"status": "\u0e15\u0e2d\u0e1a\u0e01\u0e25\u0e31\u0e1a\u0e41\u0e25\u0e49\u0e27", "submitted_by": "web", "patient": 21, "voicemail": "", "period": "morning", "datetime": "2013-01-27T13:33:03Z"}}, {"pk": 123, "model": "frontend.record", "fields": {"status": "\u0e15\u0e2d\u0e1a\u0e01\u0e25\u0e31\u0e1a\u0e41\u0e25\u0e49\u0e27", "submitted_by": "web", "patient": 15, "voicemail": "", "period": "morning", "datetime": "2013-01-27T13:36:48Z"}}, {"pk": 124, "model": "frontend.record", "fields": {"status": "\u0e23\u0e2d\u0e01\u0e32\u0e23\u0e15\u0e2d\u0e1a\u0e01\u0e25\u0e31\u0e1a", "submitted_by": "web", "patient": 15, "voicemail": "", "period": "morning", "datetime": "2013-02-03T01:57:12Z"}}, {"pk": 125, "model": "frontend.record", "fields": {"status": "\u0e23\u0e2d\u0e01\u0e32\u0e23\u0e15\u0e2d\u0e1a\u0e01\u0e25\u0e31\u0e1a", "submitted_by": "web", "patient": 15, "voicemail": "", "period": "morning", "datetime": "2013-02-04T04:21:09Z"}}, {"pk": 133, "model": "frontend.record", "fields": {"status": "\u0e23\u0e2d\u0e01\u0e32\u0e23\u0e15\u0e2d\u0e1a\u0e01\u0e25\u0e31\u0e1a", "submitted_by": "web", "patient": 15, "voicemail": "", "period": "morning", "datetime": "2013-02-04T13:58:03Z"}}, {"pk": 138, "model": "frontend.record", "fields": {"status": "\u0e23\u0e2d\u0e01\u0e32\u0e23\u0e15\u0e2d\u0e1a\u0e01\u0e25\u0e31\u0e1a", "submitted_by": "web", "patient": 23, "voicemail": "", "period": "morning", "datetime": "2013-02-05T13:12:05Z"}}, {"pk": 36, "model": "frontend.response", "fields": {"deleted": false, "record": 104, "nurse": 1, "reply_text": "\u0e40\u0e23\u0e32\u0e17\u0e1a\u0e17\u0e27\u0e19\u0e02\u0e49\u0e2d\u0e21\u0e39\u0e25\u0e02\u0e2d\u0e07\u0e04\u0e38\u0e13\u0e41\u0e25\u0e49\u0e27 \u0e44\u0e21\u0e48\u0e1b\u0e23\u0e31\u0e1a\u0e22\u0e32 \u0e43\u0e2b\u0e49\u0e17\u0e32\u0e19\u0e40\u0e2b\u0e21\u0e37\u0e2d\u0e19\u0e40\u0e14\u0e34\u0e21 \u0e02\u0e2d\u0e1a\u0e04\u0e38\u0e13\u0e04\u0e48\u0e30||"}}, {"pk": 37, "model": "frontend.response", "fields": {"deleted": false, "record": 105, "nurse": 1, "reply_text": "\u0e40\u0e23\u0e32\u0e17\u0e1a\u0e17\u0e27\u0e19\u0e02\u0e49\u0e2d\u0e21\u0e39\u0e25\u0e02\u0e2d\u0e07\u0e04\u0e38\u0e13\u0e41\u0e25\u0e49\u0e27 \u0e44\u0e21\u0e48\u0e1b\u0e23\u0e31\u0e1a\u0e22\u0e32 \u0e43\u0e2b\u0e49\u0e17\u0e32\u0e19\u0e40\u0e2b\u0e21\u0e37\u0e2d\u0e19\u0e40\u0e14\u0e34\u0e21 \u0e02\u0e2d\u0e1a\u0e04\u0e38\u0e13\u0e04\u0e48\u0e30||"}}, {"pk": 38, "model": "frontend.response", "fields": {"deleted": false, "record": 106, "nurse": 1, "reply_text": "\u0e40\u0e23\u0e32\u0e17\u0e1a\u0e17\u0e27\u0e19\u0e02\u0e49\u0e2d\u0e21\u0e39\u0e25\u0e02\u0e2d\u0e07\u0e04\u0e38\u0e13\u0e41\u0e25\u0e49\u0e27 \u0e44\u0e21\u0e48\u0e1b\u0e23\u0e31\u0e1a\u0e22\u0e32 \u0e43\u0e2b\u0e49\u0e17\u0e32\u0e19\u0e40\u0e2b\u0e21\u0e37\u0e2d\u0e19\u0e40\u0e14\u0e34\u0e21 \u0e02\u0e2d\u0e1a\u0e04\u0e38\u0e13\u0e04\u0e48\u0e30||"}}, {"pk": 46, "model": "frontend.response", "fields": {"deleted": false, "record": 111, "nurse": 1, "reply_text": "\u0e40\u0e23\u0e32\u0e17\u0e1a\u0e17\u0e27\u0e19\u0e02\u0e49\u0e2d\u0e21\u0e39\u0e25\u0e02\u0e2d\u0e07\u0e04\u0e38\u0e13\u0e41\u0e25\u0e49\u0e27 \u0e44\u0e21\u0e48\u0e1b\u0e23\u0e31\u0e1a\u0e22\u0e32 \u0e43\u0e2b\u0e49\u0e17\u0e32\u0e19\u0e40\u0e2b\u0e21\u0e37\u0e2d\u0e19\u0e40\u0e14\u0e34\u0e21 \u0e02\u0e2d\u0e1a\u0e04\u0e38\u0e13\u0e04\u0e48\u0e30||"}}, {"pk": 47, "model": "frontend.response", "fields": {"deleted": false, "record": 108, "nurse": 1, "reply_text": "\u0e40\u0e23\u0e32\u0e17\u0e1a\u0e17\u0e27\u0e19\u0e02\u0e49\u0e2d\u0e21\u0e39\u0e25\u0e02\u0e2d\u0e07\u0e04\u0e38\u0e13\u0e41\u0e25\u0e49\u0e27 \u0e44\u0e21\u0e48\u0e1b\u0e23\u0e31\u0e1a\u0e22\u0e32 \u0e43\u0e2b\u0e49\u0e17\u0e32\u0e19\u0e40\u0e2b\u0e21\u0e37\u0e2d\u0e19\u0e40\u0e14\u0e34\u0e21 \u0e02\u0e2d\u0e1a\u0e04\u0e38\u0e13\u0e04\u0e48\u0e30||"}}, {"pk": 48, "model": "frontend.response", "fields": {"deleted": false, "record": 118, "nurse": 4, "reply_text": "\u0e40\u0e23\u0e32\u0e17\u0e1a\u0e17\u0e27\u0e19\u0e02\u0e49\u0e2d\u0e21\u0e39\u0e25\u0e02\u0e2d\u0e07\u0e04\u0e38\u0e13\u0e41\u0e25\u0e49\u0e27 \u0e44\u0e21\u0e48\u0e1b\u0e23\u0e31\u0e1a\u0e22\u0e32 \u0e43\u0e2b\u0e49\u0e17\u0e32\u0e19\u0e40\u0e2b\u0e21\u0e37\u0e2d\u0e19\u0e40\u0e14\u0e34\u0e21 \u0e02\u0e2d\u0e1a\u0e04\u0e38\u0e13\u0e04\u0e48\u0e30||"}}, {"pk": 50, "model": "frontend.response", "fields": {"deleted": false, "record": 122, "nurse": 1, "reply_text": "\u0e40\u0e23\u0e32\u0e17\u0e1a\u0e17\u0e27\u0e19\u0e02\u0e49\u0e2d\u0e21\u0e39\u0e25\u0e02\u0e2d\u0e07\u0e04\u0e38\u0e13\u0e41\u0e25\u0e49\u0e27 \u0e44\u0e21\u0e48\u0e1b\u0e23\u0e31\u0e1a\u0e22\u0e32 \u0e43\u0e2b\u0e49\u0e17\u0e32\u0e19\u0e40\u0e2b\u0e21\u0e37\u0e2d\u0e19\u0e40\u0e14\u0e34\u0e21 \u0e02\u0e2d\u0e1a\u0e04\u0e38\u0e13\u0e04\u0e48\u0e30||"}}, {"pk": 51, "model": "frontend.response", "fields": {"deleted": false, "record": 120, "nurse": 4, "reply_text": "\u0e40\u0e23\u0e32\u0e17\u0e1a\u0e17\u0e27\u0e19\u0e02\u0e49\u0e2d\u0e21\u0e39\u0e25\u0e02\u0e2d\u0e07\u0e04\u0e38\u0e13\u0e41\u0e25\u0e49\u0e27 \u0e44\u0e21\u0e48\u0e1b\u0e23\u0e31\u0e1a\u0e22\u0e32 \u0e43\u0e2b\u0e49\u0e17\u0e32\u0e19\u0e40\u0e2b\u0e21\u0e37\u0e2d\u0e19\u0e40\u0e14\u0e34\u0e21 \u0e02\u0e2d\u0e1a\u0e04\u0e38\u0e13\u0e04\u0e48\u0e30||"}}, {"pk": 52, "model": "frontend.response", "fields": {"deleted": false, "record": 119, "nurse": 4, "reply_text": "\u0e40\u0e23\u0e32\u0e17\u0e1a\u0e17\u0e27\u0e19\u0e02\u0e49\u0e2d\u0e21\u0e39\u0e25\u0e02\u0e2d\u0e07\u0e04\u0e38\u0e13\u0e41\u0e25\u0e49\u0e27 \u0e44\u0e21\u0e48\u0e1b\u0e23\u0e31\u0e1a\u0e22\u0e32 \u0e43\u0e2b\u0e49\u0e17\u0e32\u0e19\u0e40\u0e2b\u0e21\u0e37\u0e2d\u0e19\u0e40\u0e14\u0e34\u0e21 \u0e02\u0e2d\u0e1a\u0e04\u0e38\u0e13\u0e04\u0e48\u0e30||"}}, {"pk": 53, "model": "frontend.response", "fields": {"deleted": false, "record": 123, "nurse": 4, "reply_text": "\u0e19\u0e49\u0e33\u0e2b\u0e19\u0e31\u0e01 47-48.5 \u0e19\u0e48\u0e32\u0e08\u0e30\u0e40\u0e1b\u0e47\u0e19 good weight \u0e19\u0e30\u0e04\u0e30 \u0e08\u0e30\u0e44\u0e14\u0e49\u0e17\u0e32\u0e19 Lasix \u0e41\u0e04\u0e48\u0e04\u0e23\u0e36\u0e48\u0e07\u0e40\u0e21\u0e47\u0e14 \u0e08\u0e32\u0e01 \u0e2d\u0e23\u0e27\u0e34\u0e01\u0e32\u0e0d\u0e08\u0e19\u0e4c HF nurse||"}}, {"pk": 29, "model": "frontend.drug", "fields": {"record": 104, "amount": "1.0", "name": "lasix", "size": 40}}, {"pk": 30, "model": "frontend.drug", "fields": {"record": 105, "amount": "0.0", "name": "lasix", "size": 40}}, {"pk": 31, "model": "frontend.drug", "fields": {"record": 106, "amount": "0.5", "name": "lasix", "size": 40}}, {"pk": 33, "model": "frontend.drug", "fields": {"record": 108, "amount": "0.5", "name": "lasix", "size": 500}}, {"pk": 40, "model": "frontend.drug", "fields": {"record": 118, "amount": "0.5", "name": "lasix", "size": 500}}, {"pk": 41, "model": "frontend.drug", "fields": {"record": 119, "amount": "0.5", "name": "lasix", "size": 500}}, {"pk": 42, "model": "frontend.drug", "fields": {"record": 120, "amount": "0.5", "name": "lasix", "size": 500}}, {"pk": 44, "model": "frontend.drug", "fields": {"record": 122, "amount": "2.0", "name": "lasix", "size": 40}}, {"pk": 45, "model": "frontend.drug", "fields": {"record": 123, "amount": "0.5", "name": "lasix", "size": 500}}, {"pk": 46, "model": "frontend.drug", "fields": {"record": 124, "amount": "0.5", "name": "lasix", "size": 500}}, {"pk": 47, "model": "frontend.drug", "fields": {"record": 125, "amount": "0.5", "name": "lasix", "size": 500}}, {"pk": 53, "model": "frontend.drug", "fields": {"record": 133, "amount": "0.5", "name": "lasix", "size": 500}}, {"pk": 58, "model": "frontend.drug", "fields": {"record": 138, "amount": "0.0", "name": "lasix", "size": 40}}, {"pk": 15, "model": "frontend.pressure", "fields": {"down": 58, "record": 104, "up": 101}}, {"pk": 16, "model": "frontend.pressure", "fields": {"down": 61, "record": 105, "up": 104}}, {"pk": 17, "model": "frontend.pressure", "fields": {"down": 92, "record": 108, "up": 136}}, {"pk": 19, "model": "frontend.pressure", "fields": {"down": 72, "record": 122, "up": 107}}, {"pk": 160, "model": "frontend.weight", "fields": {"record": 104, "weight": "68.0"}}, {"pk": 161, "model": "frontend.weight", "fields": {"record": 105, "weight": "52.0"}}, {"pk": 162, "model": "frontend.weight", "fields": {"record": 106, "weight": "50.8"}}, {"pk": 164, "model": "frontend.weight", "fields": {"record": 108, "weight": "71.8"}}, {"pk": 167, "model": "frontend.weight", "fields": {"record": 111, "weight": "56.0"}}, {"pk": 174, "model": "frontend.weight", "fields": {"record": 118, "weight": "48.7"}}, {"pk": 175, "model": "frontend.weight", "fields": {"record": 119, "weight": "49.1"}}, {"pk": 176, "model": "frontend.weight", "fields": {"record": 120, "weight": "49.4"}}, {"pk": 178, "model": "frontend.weight", "fields": {"record": 122, "weight": "71.1"}}, {"pk": 179, "model": "frontend.weight", "fields": {"record": 123, "weight": "47.7"}}, {"pk": 180, "model": "frontend.weight", "fields": {"record": 124, "weight": "47.1"}}, {"pk": 181, "model": "frontend.weight", "fields": {"record": 125, "weight": "47.1"}}, {"pk": 189, "model": "frontend.weight", "fields": {"record": 133, "weight": "48.0"}}, {"pk": 194, "model": "frontend.weight", "fields": {"record": 138, "weight": "56.0"}}, {"pk": 2, "model": "frontend.sign", "fields": {"record": 105, "sign": "\r\n\r\n\u0e19\u0e49\u0e33\u0e2b\u0e19\u0e31\u0e01\u0e04\u0e07\u0e17\u0e35\u0e48 \u0e44\u0e21\u0e48\u0e1a\u0e27\u0e21 \u0e44\u0e21\u0e48\u0e40\u0e2b\u0e19\u0e37\u0e48\u0e2d\u0e22 \u0e2d.\u0e07\u0e14\u0e22\u0e32\u0e02\u0e31\u0e1a\u0e1b\u0e31\u0e2a\u0e2a\u0e32\u0e27\u0e30 23/01/13\r\n\r\n\r\n"}}, {"pk": 3, "model": "frontend.sign", "fields": {"record": 118, "sign": "\u0e1b\u0e01\u0e15\u0e34"}}, {"pk": 4, "model": "frontend.sign", "fields": {"record": 119, "sign": "\u0e25\u0e32\u0e0b\u0e34\u0e01\u0e43\u0e0a\u0e49 3/4 \u0e40\u0e21\u0e47\u0e14 \u0e2d\u0e32\u0e01\u0e32\u0e23\u0e1b\u0e01\u0e15\u0e34"}}, {"pk": 5, "model": "frontend.sign", "fields": {"record": 120, "sign": "\u0e43\u0e0a\u0e49\u0e25\u0e32\u0e0b\u0e34\u0e01 3/4 \u0e40\u0e21\u0e47\u0e14"}}, {"pk": 6, "model": "frontend.sign", "fields": {"record": 124, "sign": "\u0e1b\u0e01\u0e15\u0e34"}}, {"pk": 7, "model": "frontend.sign", "fields": {"record": 125, "sign": "\u0e1b\u0e01\u0e15\u0e34"}}, {"pk": 8, "model": "frontend.sign", "fields": {"record": 133, "sign": "\u0e1b\u0e01\u0e15\u0e34\u0e04\u0e48\u0e30"}}]