[{"pk": 12, "model": "frontend.patient", "fields": {"contact_number": "0865145814", "firstname": "\u0e40\u0e15\u0e49\u0e22", "web_count": 0, "lastname": "", "age": "", "ivr_count": 0, "confirm_by": "both", "sound_for_name": "", "hn": "8147", "email": "vachee814@gmail.com", "sms_count": 0}}, {"pk": 13, "model": "frontend.patient", "fields": {"contact_number": "0899503808", "firstname": "\u0e1c\u0e31\u0e14", "web_count": 0, "lastname": "\u0e19\u0e23\u0e23\u0e31\u0e15\u0e19\u0e4c", "age": "", "ivr_count": 0, "confirm_by": "both", "sound_for_name": "", "hn": "81224/54", "email": "primus_magnet@yahoo.com", "sms_count": 0}}, {"pk": 14, "model": "frontend.patient", "fields": {"contact_number": "0869835983", "firstname": "\u0e2d\u0e23\u0e1e\u0e34\u0e19\u0e17\u0e4c", "web_count": 6, "lastname": "\u0e27\u0e32\u0e19\u0e34\u0e0a\u0e40\u0e08\u0e23\u0e34\u0e0d\u0e18\u0e23\u0e23\u0e21", "age": "", "ivr_count": 0, "confirm_by": "both", "sound_for_name": "", "hn": "92886/54", "email": "kkanlayarat@gmail.com", "sms_count": 0}}, {"pk": 15, "model": "frontend.patient", "fields": {"contact_number": "0815700577", "firstname": "\u0e44\u0e21\u0e25\u0e4c", "web_count": 36, "lastname": "\u0e1e\u0e37\u0e0a\u0e19\u0e30", "age": "", "ivr_count": 0, "confirm_by": "both", "sound_for_name": "", "hn": "25859/55", "email": "wannapap_ann@hotmail.com", "sms_count": 0}}, {"pk": 16, "model": "frontend.patient", "fields": {"contact_number": "0849337248", "firstname": "\u0e1a\u0e38\u0e0d\u0e23\u0e31\u0e15\u0e19\u0e4c", "web_count": 0, "lastname": "\u0e1e\u0e34\u0e21\u0e1e\u0e32\u0e19\u0e34\u0e0a", "age": "", "ivr_count": 0, "confirm_by": "sms", "sound_for_name": "", "hn": "49371/53", "email": "", "sms_count": 0}}, {"pk": 17, "model": "frontend.patient", "fields": {"contact_number": "0859067377", "firstname": "\u0e2d\u0e20\u0e34\u0e40\u0e0a\u0e29\u0e10\u0e4c", "web_count": 0, "lastname": "\u0e2a\u0e21\u0e1a\u0e31\u0e15\u0e34\u0e01\u0e33\u0e44\u0e23", "age": "", "ivr_count": 0, "confirm_by": "sms", "sound_for_name": "", "hn": "89489/55", "email": "", "sms_count": 0}}, {"pk": 18, "model": "frontend.patient", "fields": {"contact_number": "0818617284", "firstname": "\u0e08\u0e34\u0e23\u0e1e\u0e31\u0e19\u0e18\u0e38\u0e4c", "web_count": 38, "lastname": "\u0e27\u0e35\u0e23\u0e30\u0e0d\u0e32\u0e42\u0e13", "age": "", "ivr_count": 0, "confirm_by": "email", "sound_for_name": "", "hn": "2351/54", "email": "jirapan@thaitohmado.co.th", "sms_count": 0}}, {"pk": 19, "model": "frontend.patient", "fields": {"contact_number": "0880207319", "firstname": "\u0e1e\u0e27\u0e07\u0e1b\u0e30\u0e01\u0e32", "web_count": 0, "lastname": "\u0e40\u0e15\u0e34\u0e21\u0e2a\u0e38\u0e02", "age": "", "ivr_count": 0, "confirm_by": "sms", "sound_for_name": "", "hn": "60249/53", "email": "", "sms_count": 0}}, {"pk": 20, "model": "frontend.patient", "fields": {"contact_number": "0816393537", "firstname": "\u0e40\u0e23\u0e34\u0e07\u0e27\u0e31\u0e12\u0e19\u0e4c", "web_count": 0, "lastname": "", "age": "", "ivr_count": 0, "confirm_by": "sms", "sound_for_name": "", "hn": "75996/55", "email": "", "sms_count": 0}}, {"pk": 21, "model": "frontend.patient", "fields": {"contact_number": "0804561149", "firstname": "\u0e0a\u0e31\u0e22\u0e27\u0e31\u0e12\u0e19\u0e4c \u0e17\u0e2d\u0e22", "web_count": 0, "lastname": "\u0e08\u0e33\u0e19\u0e07\u0e04\u0e4c\u0e2d\u0e32\u0e29\u0e32", "age": "", "ivr_count": 0, "confirm_by": "both", "sound_for_name": "", "hn": "111351/55", "email": "chaiwat@anglo-dutch.co.th", "sms_count": 0}}, {"pk": 22, "model": "frontend.patient", "fields": {"contact_number": "0835453694", "firstname": "\u0e1e\u0e40\u0e22\u0e32\u0e27\u0e4c", "web_count": 0, "lastname": "\u0e40\u0e17\u0e28\u0e19\u0e4c\u0e22\u0e34\u0e49\u0e21", "age": "", "ivr_count": 0, "confirm_by": "sms", "sound_for_name": "", "hn": "15087/34", "email": "", "sms_count": 0}}, {"pk": 23, "model": "frontend.patient", "fields": {"contact_number": "0860216060", "firstname": "\u0e0a\u0e22\u0e27\u0e38\u0e12\u0e34", "web_count": 5, "lastname": "\u0e2a\u0e38\u0e01\u0e1b\u0e25\u0e31\u0e48\u0e07", "age": "", "ivr_count": 0, "confirm_by": "email", "sound_for_name": "", "hn": "2466/55", "email": "chaiyawut.so@gmail.com", "sms_count": 0}}, {"pk": 24, "model": "frontend.patient", "fields": {"contact_number": "0839919558", "firstname": "\u0e18\u0e19\u0e30\u0e27\u0e23\u0e23\u0e18\u0e19\u0e4c", "web_count": 0, "lastname": "\u0e1b\u0e32\u0e19\u0e08\u0e31\u0e19\u0e17\u0e23\u0e4c\u0e18\u0e19\u0e42\u0e0a\u0e15\u0e34", "age": "", "ivr_count": 0, "confirm_by": "both", "sound_for_name": "", "hn": "20574/54", "email": "bao2504@gmail.com", "sms_count": 0}}, {"pk": 25, "model": "frontend.patient", "fields": {"contact_number": "0863088188", "firstname": "\u0e28\u0e34\u0e23\u0e34\u0e19", "web_count": 0, "lastname": "\u0e0a\u0e31\u0e22\u0e01\u0e38\u0e25", "age": "", "ivr_count": 0, "confirm_by": "both", "sound_for_name": "", "hn": "36911/55", "email": "pk_06_2507@yahoo.com", "sms_count": 0}}, {"pk": 26, "model": "frontend.patient", "fields": {"contact_number": "0835491466", "firstname": "\u0e1e\u0e23\u0e40\u0e17\u0e1e", "web_count": 1, "lastname": "\u0e40\u0e22\u0e47\u0e19\u0e04\u0e23\u0e32\u0e21\u0e04\u0e23\u0e31\u0e19", "age": "", "ivr_count": 0, "confirm_by": "both", "sound_for_name": "", "hn": "50528/54", "email": "yenkramkran@gmail.com", "sms_count": 0}}, {"pk": 2, "model": "frontend.visit", "fields": {"date": "2013-01-23", "patient": 13, "visit_type": "hospital"}}, {"pk": 3, "model": "frontend.visit", "fields": {"date": "2013-01-23", "patient": 15, "visit_type": "hospital"}}, {"pk": 4, "model": "frontend.visit", "fields": {"date": "2013-01-23", "patient": 14, "visit_type": "hospital"}}, {"pk": 5, "model": "frontend.visit", "fields": {"date": "2013-01-23", "patient": 16, "visit_type": "hospital"}}, {"pk": 6, "model": "frontend.visit", "fields": {"date": "2013-01-23", "patient": 17, "visit_type": "hospital"}}, {"pk": 3, "model": "frontend.log", "fields": {"email_count": 39, "sms_count": 34, "created": "2013-01-30"}}, {"pk": 4, "model": "frontend.log", "fields": {"email_count": 83, "sms_count": 51, "created": "2013-02-05"}}, {"pk": 5, "model": "frontend.log", "fields": {"email_count": 123, "sms_count": 64, "created": "2013-03-01"}}, {"pk": 6, "model": "frontend.log", "fields": {"email_count": 57, "sms_count": 26, "created": "2013-04-01"}}, {"pk": 104, "model": "frontend.record", "fields": {"status": "\u0e15\u0e2d\u0e1a\u0e01\u0e25\u0e31\u0e1a\u0e41\u0e25\u0e49\u0e27", "submitted_by": "web", "patient": 13, "voicemail": "", "period": "morning", "datetime": "2013-01-23T02:50:55Z"}}, {"pk": 105, "model": "frontend.record", "fields": {"status": "\u0e15\u0e2d\u0e1a\u0e01\u0e25\u0e31\u0e1a\u0e41\u0e25\u0e49\u0e27", "submitted_by": "web", "patient": 14, "voicemail": "", "period": "morning", "datetime": "2013-01-23T02:50:35Z"}}, {"pk": 106, "model": "frontend.record", "fields": {"status": "\u0e15\u0e2d\u0e1a\u0e01\u0e25\u0e31\u0e1a\u0e41\u0e25\u0e49\u0e27", "submitted_by": "web", "patient": 15, "voicemail": "", "period": "morning", "datetime": "2013-01-23T02:50:35Z"}}, {"pk": 108, "model": "frontend.record", "fields": {"status": "\u0e15\u0e2d\u0e1a\u0e01\u0e25\u0e31\u0e1a\u0e41\u0e25\u0e49\u0e27", "submitted_by": "ivr", "patient": 16, "voicemail": "2013-01-23_11-30-26_0849337248.mp3", "period": "morning", "datetime": "2013-01-23T02:46:29Z"}}, {"pk": 111, "model": "frontend.record", "fields": {"status": "\u0e15\u0e2d\u0e1a\u0e01\u0e25\u0e31\u0e1a\u0e41\u0e25\u0e49\u0e27", "submitted_by": "sms", "patient": 17, "voicemail": "", "period": "morning", "datetime": "2013-01-23T04:58:14Z"}}, {"pk": 118, "model": "frontend.record", "fields": {"status": "\u0e15\u0e2d\u0e1a\u0e01\u0e25\u0e31\u0e1a\u0e41\u0e25\u0e49\u0e27", "submitted_by": "web", "patient": 15, "voicemail": "", "period": "morning", "datetime": "2013-01-24T11:50:46Z"}}, {"pk": 119, "model": "frontend.record", "fields": {"status": "\u0e15\u0e2d\u0e1a\u0e01\u0e25\u0e31\u0e1a\u0e41\u0e25\u0e49\u0e27", "submitted_by": "web", "patient": 15, "voicemail": "", "period": "morning", "datetime": "2013-01-27T13:36:48Z"}}, {"pk": 120, "model": "frontend.record", "fields": {"status": "\u0e15\u0e2d\u0e1a\u0e01\u0e25\u0e31\u0e1a\u0e41\u0e25\u0e49\u0e27", "submitted_by": "web", "patient": 15, "voicemail": "", "period": "morning", "datetime": "2013-01-27T13:33:03Z"}}, {"pk": 122, "model": "frontend.record", "fields": {"status": "\u0e15\u0e2d\u0e1a\u0e01\u0e25\u0e31\u0e1a\u0e41\u0e25\u0e49\u0e27", "submitted_by": "web", "patient": 21, "voicemail": "", "period": "morning", "datetime": "2013-01-27T13:33:03Z"}}, {"pk": 123, "model": "frontend.record", "fields": {"status": "\u0e15\u0e2d\u0e1a\u0e01\u0e25\u0e31\u0e1a\u0e41\u0e25\u0e49\u0e27", "submitted_by": "web", "patient": 15, "voicemail": "", "period": "morning", "datetime": "2013-01-27T13:36:48Z"}}, {"pk": 124, "model": "frontend.record", "fields": {"status": "\u0e15\u0e2d\u0e1a\u0e01\u0e25\u0e31\u0e1a\u0e41\u0e25\u0e49\u0e27", "submitted_by": "web", "patient": 15, "voicemail": "", "period": "morning", "datetime": "2013-02-03T01:57:12Z"}}, {"pk": 125, "model": "frontend.record", "fields": {"status": "\u0e15\u0e2d\u0e1a\u0e01\u0e25\u0e31\u0e1a\u0e41\u0e25\u0e49\u0e27", "submitted_by": "web", "patient": 15, "voicemail": "", "period": "morning", "datetime": "2013-02-04T04:21:09Z"}}, {"pk": 133, "model": "frontend.record", "fields": {"status": "\u0e15\u0e2d\u0e1a\u0e01\u0e25\u0e31\u0e1a\u0e41\u0e25\u0e49\u0e27", "submitted_by": "web", "patient": 15, "voicemail": "", "period": "morning", "datetime": "2013-02-04T13:58:03Z"}}, {"pk": 140, "model": "frontend.record", "fields": {"status": "\u0e15\u0e2d\u0e1a\u0e01\u0e25\u0e31\u0e1a\u0e41\u0e25\u0e49\u0e27", "submitted_by": "web", "patient": 15, "voicemail": "", "period": "morning", "datetime": "2013-02-05T13:12:06Z"}}, {"pk": 157, "model": "frontend.record", "fields": {"status": "\u0e15\u0e2d\u0e1a\u0e01\u0e25\u0e31\u0e1a\u0e41\u0e25\u0e49\u0e27", "submitted_by": "web", "patient": 15, "voicemail": "", "period": "morning", "datetime": "2013-02-06T08:52:22Z"}}, {"pk": 160, "model": "frontend.record", "fields": {"status": "\u0e15\u0e2d\u0e1a\u0e01\u0e25\u0e31\u0e1a\u0e41\u0e25\u0e49\u0e27", "submitted_by": "web", "patient": 15, "voicemail": "", "period": "morning", "datetime": "2013-02-09T03:52:37Z"}}, {"pk": 161, "model": "frontend.record", "fields": {"status": "\u0e15\u0e2d\u0e1a\u0e01\u0e25\u0e31\u0e1a\u0e41\u0e25\u0e49\u0e27", "submitted_by": "web", "patient": 15, "voicemail": "", "period": "morning", "datetime": "2013-02-10T14:28:58Z"}}, {"pk": 188, "model": "frontend.record", "fields": {"status": "\u0e15\u0e2d\u0e1a\u0e01\u0e25\u0e31\u0e1a\u0e41\u0e25\u0e49\u0e27", "submitted_by": "web", "patient": 15, "voicemail": "", "period": "morning", "datetime": "2013-02-12T13:57:46Z"}}, {"pk": 198, "model": "frontend.record", "fields": {"status": "\u0e15\u0e2d\u0e1a\u0e01\u0e25\u0e31\u0e1a\u0e41\u0e25\u0e49\u0e27", "submitted_by": "web", "patient": 18, "voicemail": "", "period": "morning", "datetime": "2013-02-13T02:14:48Z"}}, {"pk": 199, "model": "frontend.record", "fields": {"status": "\u0e15\u0e2d\u0e1a\u0e01\u0e25\u0e31\u0e1a\u0e41\u0e25\u0e49\u0e27", "submitted_by": "web", "patient": 18, "voicemail": "", "period": "morning", "datetime": "2013-02-14T02:54:42Z"}}, {"pk": 200, "model": "frontend.record", "fields": {"status": "\u0e15\u0e2d\u0e1a\u0e01\u0e25\u0e31\u0e1a\u0e41\u0e25\u0e49\u0e27", "submitted_by": "web", "patient": 18, "voicemail": "", "period": "morning", "datetime": "2013-02-15T04:48:49Z"}}, {"pk": 201, "model": "frontend.record", "fields": {"status": "\u0e15\u0e2d\u0e1a\u0e01\u0e25\u0e31\u0e1a\u0e41\u0e25\u0e49\u0e27", "submitted_by": "web", "patient": 15, "voicemail": "", "period": "morning", "datetime": "2013-02-15T06:43:32Z"}}, {"pk": 203, "model": "frontend.record", "fields": {"status": "\u0e15\u0e2d\u0e1a\u0e01\u0e25\u0e31\u0e1a\u0e41\u0e25\u0e49\u0e27", "submitted_by": "web", "patient": 18, "voicemail": "", "period": "morning", "datetime": "2013-02-16T01:33:13Z"}}, {"pk": 204, "model": "frontend.record", "fields": {"status": "\u0e15\u0e2d\u0e1a\u0e01\u0e25\u0e31\u0e1a\u0e41\u0e25\u0e49\u0e27", "submitted_by": "web", "patient": 14, "voicemail": "", "period": "morning", "datetime": "2013-02-17T13:02:48Z"}}, {"pk": 205, "model": "frontend.record", "fields": {"status": "\u0e15\u0e2d\u0e1a\u0e01\u0e25\u0e31\u0e1a\u0e41\u0e25\u0e49\u0e27", "submitted_by": "web", "patient": 15, "voicemail": "", "period": "morning", "datetime": "2013-02-17T13:36:41Z"}}, {"pk": 206, "model": "frontend.record", "fields": {"status": "\u0e15\u0e2d\u0e1a\u0e01\u0e25\u0e31\u0e1a\u0e41\u0e25\u0e49\u0e27", "submitted_by": "web", "patient": 18, "voicemail": "", "period": "morning", "datetime": "2013-02-18T00:54:32Z"}}, {"pk": 207, "model": "frontend.record", "fields": {"status": "\u0e15\u0e2d\u0e1a\u0e01\u0e25\u0e31\u0e1a\u0e41\u0e25\u0e49\u0e27", "submitted_by": "web", "patient": 15, "voicemail": "", "period": "morning", "datetime": "2013-02-18T01:33:42Z"}}, {"pk": 208, "model": "frontend.record", "fields": {"status": "\u0e15\u0e2d\u0e1a\u0e01\u0e25\u0e31\u0e1a\u0e41\u0e25\u0e49\u0e27", "submitted_by": "web", "patient": 14, "voicemail": "", "period": "morning", "datetime": "2013-02-18T11:37:03Z"}}, {"pk": 209, "model": "frontend.record", "fields": {"status": "\u0e15\u0e2d\u0e1a\u0e01\u0e25\u0e31\u0e1a\u0e41\u0e25\u0e49\u0e27", "submitted_by": "web", "patient": 18, "voicemail": "", "period": "morning", "datetime": "2013-02-19T01:29:31Z"}}, {"pk": 210, "model": "frontend.record", "fields": {"status": "\u0e15\u0e2d\u0e1a\u0e01\u0e25\u0e31\u0e1a\u0e41\u0e25\u0e49\u0e27", "submitted_by": "web", "patient": 15, "voicemail": "", "period": "morning", "datetime": "2013-02-19T13:33:57Z"}}, {"pk": 211, "model": "frontend.record", "fields": {"status": "\u0e15\u0e2d\u0e1a\u0e01\u0e25\u0e31\u0e1a\u0e41\u0e25\u0e49\u0e27", "submitted_by": "web", "patient": 18, "voicemail": "", "period": "morning", "datetime": "2013-02-20T01:56:40Z"}}, {"pk": 213, "model": "frontend.record", "fields": {"status": "\u0e15\u0e2d\u0e1a\u0e01\u0e25\u0e31\u0e1a\u0e41\u0e25\u0e49\u0e27", "submitted_by": "web", "patient": 25, "voicemail": "", "period": "morning", "datetime": "2013-02-20T04:01:42Z"}}, {"pk": 214, "model": "frontend.record", "fields": {"status": "\u0e15\u0e2d\u0e1a\u0e01\u0e25\u0e31\u0e1a\u0e41\u0e25\u0e49\u0e27", "submitted_by": "web", "patient": 15, "voicemail": "", "period": "morning", "datetime": "2013-02-20T12:01:36Z"}}, {"pk": 215, "model": "frontend.record", "fields": {"status": "\u0e15\u0e2d\u0e1a\u0e01\u0e25\u0e31\u0e1a\u0e41\u0e25\u0e49\u0e27", "submitted_by": "web", "patient": 14, "voicemail": "", "period": "morning", "datetime": "2013-02-20T13:12:18Z"}}, {"pk": 216, "model": "frontend.record", "fields": {"status": "\u0e15\u0e2d\u0e1a\u0e01\u0e25\u0e31\u0e1a\u0e41\u0e25\u0e49\u0e27", "submitted_by": "web", "patient": 18, "voicemail": "", "period": "morning", "datetime": "2013-02-21T00:54:01Z"}}, {"pk": 217, "model": "frontend.record", "fields": {"status": "\u0e15\u0e2d\u0e1a\u0e01\u0e25\u0e31\u0e1a\u0e41\u0e25\u0e49\u0e27", "submitted_by": "web", "patient": 15, "voicemail": "", "period": "morning", "datetime": "2013-02-21T11:44:07Z"}}, {"pk": 218, "model": "frontend.record", "fields": {"status": "\u0e15\u0e2d\u0e1a\u0e01\u0e25\u0e31\u0e1a\u0e41\u0e25\u0e49\u0e27", "submitted_by": "web", "patient": 14, "voicemail": "", "period": "morning", "datetime": "2013-02-21T13:41:43Z"}}, {"pk": 219, "model": "frontend.record", "fields": {"status": "\u0e15\u0e2d\u0e1a\u0e01\u0e25\u0e31\u0e1a\u0e41\u0e25\u0e49\u0e27", "submitted_by": "web", "patient": 15, "voicemail": "", "period": "morning", "datetime": "2013-02-22T01:07:29Z"}}, {"pk": 220, "model": "frontend.record", "fields": {"status": "\u0e15\u0e2d\u0e1a\u0e01\u0e25\u0e31\u0e1a\u0e41\u0e25\u0e49\u0e27", "submitted_by": "web", "patient": 18, "voicemail": "", "period": "morning", "datetime": "2013-02-22T02:25:26Z"}}, {"pk": 221, "model": "frontend.record", "fields": {"status": "\u0e15\u0e2d\u0e1a\u0e01\u0e25\u0e31\u0e1a\u0e41\u0e25\u0e49\u0e27", "submitted_by": "web", "patient": 18, "voicemail": "", "period": "morning", "datetime": "2013-02-25T06:49:18Z"}}, {"pk": 222, "model": "frontend.record", "fields": {"status": "\u0e15\u0e2d\u0e1a\u0e01\u0e25\u0e31\u0e1a\u0e41\u0e25\u0e49\u0e27", "submitted_by": "web", "patient": 15, "voicemail": "", "period": "morning", "datetime": "2013-02-25T07:43:53Z"}}, {"pk": 223, "model": "frontend.record", "fields": {"status": "\u0e15\u0e2d\u0e1a\u0e01\u0e25\u0e31\u0e1a\u0e41\u0e25\u0e49\u0e27", "submitted_by": "web", "patient": 18, "voicemail": "", "period": "morning", "datetime": "2013-02-26T01:51:52Z"}}, {"pk": 224, "model": "frontend.record", "fields": {"status": "\u0e15\u0e2d\u0e1a\u0e01\u0e25\u0e31\u0e1a\u0e41\u0e25\u0e49\u0e27", "submitted_by": "web", "patient": 15, "voicemail": "", "period": "morning", "datetime": "2013-02-26T05:57:41Z"}}, {"pk": 225, "model": "frontend.record", "fields": {"status": "\u0e15\u0e2d\u0e1a\u0e01\u0e25\u0e31\u0e1a\u0e41\u0e25\u0e49\u0e27", "submitted_by": "web", "patient": 18, "voicemail": "", "period": "morning", "datetime": "2013-02-27T02:13:10Z"}}, {"pk": 226, "model": "frontend.record", "fields": {"status": "\u0e15\u0e2d\u0e1a\u0e01\u0e25\u0e31\u0e1a\u0e41\u0e25\u0e49\u0e27", "submitted_by": "web", "patient": 15, "voicemail": "", "period": "morning", "datetime": "2013-02-27T06:43:21Z"}}, {"pk": 227, "model": "frontend.record", "fields": {"status": "\u0e15\u0e2d\u0e1a\u0e01\u0e25\u0e31\u0e1a\u0e41\u0e25\u0e49\u0e27", "submitted_by": "web", "patient": 18, "voicemail": "", "period": "morning", "datetime": "2013-02-28T02:16:21Z"}}, {"pk": 228, "model": "frontend.record", "fields": {"status": "\u0e15\u0e2d\u0e1a\u0e01\u0e25\u0e31\u0e1a\u0e41\u0e25\u0e49\u0e27", "submitted_by": "web", "patient": 18, "voicemail": "", "period": "afternoon", "datetime": "2013-02-28T07:00:52Z"}}, {"pk": 229, "model": "frontend.record", "fields": {"status": "\u0e15\u0e2d\u0e1a\u0e01\u0e25\u0e31\u0e1a\u0e41\u0e25\u0e49\u0e27", "submitted_by": "web", "patient": 15, "voicemail": "", "period": "morning", "datetime": "2013-02-28T08:27:12Z"}}, {"pk": 230, "model": "frontend.record", "fields": {"status": "\u0e15\u0e2d\u0e1a\u0e01\u0e25\u0e31\u0e1a\u0e41\u0e25\u0e49\u0e27", "submitted_by": "web", "patient": 14, "voicemail": "", "period": "morning", "datetime": "2013-02-28T13:11:47Z"}}, {"pk": 231, "model": "frontend.record", "fields": {"status": "\u0e15\u0e2d\u0e1a\u0e01\u0e25\u0e31\u0e1a\u0e41\u0e25\u0e49\u0e27", "submitted_by": "web", "patient": 15, "voicemail": "", "period": "morning", "datetime": "2013-03-01T02:20:46Z"}}, {"pk": 232, "model": "frontend.record", "fields": {"status": "\u0e15\u0e2d\u0e1a\u0e01\u0e25\u0e31\u0e1a\u0e41\u0e25\u0e49\u0e27", "submitted_by": "web", "patient": 18, "voicemail": "", "period": "morning", "datetime": "2013-03-01T03:47:49Z"}}, {"pk": 238, "model": "frontend.record", "fields": {"status": "\u0e15\u0e2d\u0e1a\u0e01\u0e25\u0e31\u0e1a\u0e41\u0e25\u0e49\u0e27", "submitted_by": "web", "patient": 18, "voicemail": "", "period": "morning", "datetime": "2013-03-02T02:25:47Z"}}, {"pk": 239, "model": "frontend.record", "fields": {"status": "\u0e15\u0e2d\u0e1a\u0e01\u0e25\u0e31\u0e1a\u0e41\u0e25\u0e49\u0e27", "submitted_by": "web", "patient": 18, "voicemail": "", "period": "morning", "datetime": "2013-03-03T02:13:07Z"}}, {"pk": 240, "model": "frontend.record", "fields": {"status": "\u0e15\u0e2d\u0e1a\u0e01\u0e25\u0e31\u0e1a\u0e41\u0e25\u0e49\u0e27", "submitted_by": "web", "patient": 15, "voicemail": "", "period": "morning", "datetime": "2013-03-03T02:55:40Z"}}, {"pk": 241, "model": "frontend.record", "fields": {"status": "\u0e15\u0e2d\u0e1a\u0e01\u0e25\u0e31\u0e1a\u0e41\u0e25\u0e49\u0e27", "submitted_by": "web", "patient": 18, "voicemail": "", "period": "morning", "datetime": "2013-03-04T02:02:34Z"}}, {"pk": 242, "model": "frontend.record", "fields": {"status": "\u0e15\u0e2d\u0e1a\u0e01\u0e25\u0e31\u0e1a\u0e41\u0e25\u0e49\u0e27", "submitted_by": "web", "patient": 15, "voicemail": "", "period": "morning", "datetime": "2013-03-04T08:46:29Z"}}, {"pk": 244, "model": "frontend.record", "fields": {"status": "\u0e15\u0e2d\u0e1a\u0e01\u0e25\u0e31\u0e1a\u0e41\u0e25\u0e49\u0e27", "submitted_by": "web", "patient": 18, "voicemail": "", "period": "morning", "datetime": "2013-03-05T03:57:11Z"}}, {"pk": 245, "model": "frontend.record", "fields": {"status": "\u0e15\u0e2d\u0e1a\u0e01\u0e25\u0e31\u0e1a\u0e41\u0e25\u0e49\u0e27", "submitted_by": "web", "patient": 15, "voicemail": "", "period": "morning", "datetime": "2013-03-05T04:10:33Z"}}, {"pk": 246, "model": "frontend.record", "fields": {"status": "\u0e15\u0e2d\u0e1a\u0e01\u0e25\u0e31\u0e1a\u0e41\u0e25\u0e49\u0e27", "submitted_by": "web", "patient": 14, "voicemail": "", "period": "morning", "datetime": "2013-03-05T11:59:25Z"}}, {"pk": 247, "model": "frontend.record", "fields": {"status": "\u0e15\u0e2d\u0e1a\u0e01\u0e25\u0e31\u0e1a\u0e41\u0e25\u0e49\u0e27", "submitted_by": "web", "patient": 15, "voicemail": "", "period": "morning", "datetime": "2013-03-06T02:52:24Z"}}, {"pk": 248, "model": "frontend.record", "fields": {"status": "\u0e15\u0e2d\u0e1a\u0e01\u0e25\u0e31\u0e1a\u0e41\u0e25\u0e49\u0e27", "submitted_by": "web", "patient": 26, "voicemail": "", "period": "afternoon", "datetime": "2013-03-06T04:55:00Z"}}, {"pk": 249, "model": "frontend.record", "fields": {"status": "\u0e15\u0e2d\u0e1a\u0e01\u0e25\u0e31\u0e1a\u0e41\u0e25\u0e49\u0e27", "submitted_by": "web", "patient": 18, "voicemail": "", "period": "morning", "datetime": "2013-03-06T07:16:50Z"}}, {"pk": 250, "model": "frontend.record", "fields": {"status": "\u0e15\u0e2d\u0e1a\u0e01\u0e25\u0e31\u0e1a\u0e41\u0e25\u0e49\u0e27", "submitted_by": "web", "patient": 14, "voicemail": "", "period": "morning", "datetime": "2013-03-06T11:15:02Z"}}, {"pk": 251, "model": "frontend.record", "fields": {"status": "\u0e15\u0e2d\u0e1a\u0e01\u0e25\u0e31\u0e1a\u0e41\u0e25\u0e49\u0e27", "submitted_by": "web", "patient": 15, "voicemail": "", "period": "morning", "datetime": "2013-03-07T02:36:59Z"}}, {"pk": 252, "model": "frontend.record", "fields": {"status": "\u0e15\u0e2d\u0e1a\u0e01\u0e25\u0e31\u0e1a\u0e41\u0e25\u0e49\u0e27", "submitted_by": "web", "patient": 18, "voicemail": "", "period": "morning", "datetime": "2013-03-07T04:59:13Z"}}, {"pk": 253, "model": "frontend.record", "fields": {"status": "\u0e15\u0e2d\u0e1a\u0e01\u0e25\u0e31\u0e1a\u0e41\u0e25\u0e49\u0e27", "submitted_by": "web", "patient": 18, "voicemail": "", "period": "morning", "datetime": "2013-03-08T01:34:14Z"}}, {"pk": 254, "model": "frontend.record", "fields": {"status": "\u0e15\u0e2d\u0e1a\u0e01\u0e25\u0e31\u0e1a\u0e41\u0e25\u0e49\u0e27", "submitted_by": "web", "patient": 15, "voicemail": "", "period": "morning", "datetime": "2013-03-08T02:54:09Z"}}, {"pk": 255, "model": "frontend.record", "fields": {"status": "\u0e15\u0e2d\u0e1a\u0e01\u0e25\u0e31\u0e1a\u0e41\u0e25\u0e49\u0e27", "submitted_by": "web", "patient": 14, "voicemail": "", "period": "morning", "datetime": "2013-03-08T00:47:32Z"}}, {"pk": 256, "model": "frontend.record", "fields": {"status": "\u0e15\u0e2d\u0e1a\u0e01\u0e25\u0e31\u0e1a\u0e41\u0e25\u0e49\u0e27", "submitted_by": "web", "patient": 18, "voicemail": "", "period": "morning", "datetime": "2013-03-09T00:53:08Z"}}, {"pk": 257, "model": "frontend.record", "fields": {"status": "\u0e15\u0e2d\u0e1a\u0e01\u0e25\u0e31\u0e1a\u0e41\u0e25\u0e49\u0e27", "submitted_by": "web", "patient": 15, "voicemail": "", "period": "morning", "datetime": "2013-03-09T07:56:19Z"}}, {"pk": 258, "model": "frontend.record", "fields": {"status": "\u0e15\u0e2d\u0e1a\u0e01\u0e25\u0e31\u0e1a\u0e41\u0e25\u0e49\u0e27", "submitted_by": "web", "patient": 18, "voicemail": "", "period": "morning", "datetime": "2013-03-10T01:50:59Z"}}, {"pk": 259, "model": "frontend.record", "fields": {"status": "\u0e15\u0e2d\u0e1a\u0e01\u0e25\u0e31\u0e1a\u0e41\u0e25\u0e49\u0e27", "submitted_by": "web", "patient": 18, "voicemail": "", "period": "morning", "datetime": "2013-03-11T02:02:17Z"}}, {"pk": 260, "model": "frontend.record", "fields": {"status": "\u0e15\u0e2d\u0e1a\u0e01\u0e25\u0e31\u0e1a\u0e41\u0e25\u0e49\u0e27", "submitted_by": "web", "patient": 15, "voicemail": "", "period": "morning", "datetime": "2013-03-11T02:36:10Z"}}, {"pk": 261, "model": "frontend.record", "fields": {"status": "\u0e15\u0e2d\u0e1a\u0e01\u0e25\u0e31\u0e1a\u0e41\u0e25\u0e49\u0e27", "submitted_by": "web", "patient": 14, "voicemail": "", "period": "morning", "datetime": "2013-03-11T13:09:09Z"}}, {"pk": 262, "model": "frontend.record", "fields": {"status": "\u0e15\u0e2d\u0e1a\u0e01\u0e25\u0e31\u0e1a\u0e41\u0e25\u0e49\u0e27", "submitted_by": "web", "patient": 15, "voicemail": "", "period": "morning", "datetime": "2013-03-12T03:17:03Z"}}, {"pk": 263, "model": "frontend.record", "fields": {"status": "\u0e15\u0e2d\u0e1a\u0e01\u0e25\u0e31\u0e1a\u0e41\u0e25\u0e49\u0e27", "submitted_by": "web", "patient": 18, "voicemail": "", "period": "morning", "datetime": "2013-03-12T05:00:20Z"}}, {"pk": 264, "model": "frontend.record", "fields": {"status": "\u0e15\u0e2d\u0e1a\u0e01\u0e25\u0e31\u0e1a\u0e41\u0e25\u0e49\u0e27", "submitted_by": "web", "patient": 18, "voicemail": "", "period": "morning", "datetime": "2013-03-13T01:30:35Z"}}, {"pk": 265, "model": "frontend.record", "fields": {"status": "\u0e15\u0e2d\u0e1a\u0e01\u0e25\u0e31\u0e1a\u0e41\u0e25\u0e49\u0e27", "submitted_by": "web", "patient": 15, "voicemail": "", "period": "morning", "datetime": "2013-03-14T01:54:23Z"}}, {"pk": 266, "model": "frontend.record", "fields": {"status": "\u0e15\u0e2d\u0e1a\u0e01\u0e25\u0e31\u0e1a\u0e41\u0e25\u0e49\u0e27", "submitted_by": "web", "patient": 18, "voicemail": "", "period": "morning", "datetime": "2013-03-14T05:25:13Z"}}, {"pk": 267, "model": "frontend.record", "fields": {"status": "\u0e15\u0e2d\u0e1a\u0e01\u0e25\u0e31\u0e1a\u0e41\u0e25\u0e49\u0e27", "submitted_by": "web", "patient": 18, "voicemail": "", "period": "morning", "datetime": "2013-03-15T02:18:40Z"}}, {"pk": 268, "model": "frontend.record", "fields": {"status": "\u0e15\u0e2d\u0e1a\u0e01\u0e25\u0e31\u0e1a\u0e41\u0e25\u0e49\u0e27", "submitted_by": "web", "patient": 15, "voicemail": "", "period": "morning", "datetime": "2013-03-15T06:53:40Z"}}, {"pk": 269, "model": "frontend.record", "fields": {"status": "\u0e15\u0e2d\u0e1a\u0e01\u0e25\u0e31\u0e1a\u0e41\u0e25\u0e49\u0e27", "submitted_by": "web", "patient": 18, "voicemail": "", "period": "morning", "datetime": "2013-03-16T03:32:29Z"}}, {"pk": 270, "model": "frontend.record", "fields": {"status": "\u0e15\u0e2d\u0e1a\u0e01\u0e25\u0e31\u0e1a\u0e41\u0e25\u0e49\u0e27", "submitted_by": "web", "patient": 15, "voicemail": "", "period": "morning", "datetime": "2013-03-16T08:51:56Z"}}, {"pk": 271, "model": "frontend.record", "fields": {"status": "\u0e15\u0e2d\u0e1a\u0e01\u0e25\u0e31\u0e1a\u0e41\u0e25\u0e49\u0e27", "submitted_by": "web", "patient": 18, "voicemail": "", "period": "morning", "datetime": "2013-03-18T02:34:54Z"}}, {"pk": 272, "model": "frontend.record", "fields": {"status": "\u0e15\u0e2d\u0e1a\u0e01\u0e25\u0e31\u0e1a\u0e41\u0e25\u0e49\u0e27", "submitted_by": "web", "patient": 15, "voicemail": "", "period": "morning", "datetime": "2013-03-18T04:26:41Z"}}, {"pk": 273, "model": "frontend.record", "fields": {"status": "\u0e15\u0e2d\u0e1a\u0e01\u0e25\u0e31\u0e1a\u0e41\u0e25\u0e49\u0e27", "submitted_by": "web", "patient": 15, "voicemail": "", "period": "morning", "datetime": "2013-03-19T03:15:50Z"}}, {"pk": 274, "model": "frontend.record", "fields": {"status": "\u0e15\u0e2d\u0e1a\u0e01\u0e25\u0e31\u0e1a\u0e41\u0e25\u0e49\u0e27", "submitted_by": "web", "patient": 18, "voicemail": "", "period": "morning", "datetime": "2013-03-19T04:12:19Z"}}, {"pk": 275, "model": "frontend.record", "fields": {"status": "\u0e15\u0e2d\u0e1a\u0e01\u0e25\u0e31\u0e1a\u0e41\u0e25\u0e49\u0e27", "submitted_by": "web", "patient": 15, "voicemail": "", "period": "morning", "datetime": "2013-03-20T02:06:22Z"}}, {"pk": 276, "model": "frontend.record", "fields": {"status": "\u0e15\u0e2d\u0e1a\u0e01\u0e25\u0e31\u0e1a\u0e41\u0e25\u0e49\u0e27", "submitted_by": "web", "patient": 18, "voicemail": "", "period": "morning", "datetime": "2013-03-20T02:44:15Z"}}, {"pk": 277, "model": "frontend.record", "fields": {"status": "\u0e15\u0e2d\u0e1a\u0e01\u0e25\u0e31\u0e1a\u0e41\u0e25\u0e49\u0e27", "submitted_by": "web", "patient": 15, "voicemail": "", "period": "morning", "datetime": "2013-03-21T23:35:42Z"}}, {"pk": 278, "model": "frontend.record", "fields": {"status": "\u0e15\u0e2d\u0e1a\u0e01\u0e25\u0e31\u0e1a\u0e41\u0e25\u0e49\u0e27", "submitted_by": "web", "patient": 14, "voicemail": "", "period": "morning", "datetime": "2013-03-23T02:30:38Z"}}, {"pk": 279, "model": "frontend.record", "fields": {"status": "\u0e15\u0e2d\u0e1a\u0e01\u0e25\u0e31\u0e1a\u0e41\u0e25\u0e49\u0e27", "submitted_by": "web", "patient": 15, "voicemail": "", "period": "morning", "datetime": "2013-03-24T05:56:42Z"}}, {"pk": 280, "model": "frontend.record", "fields": {"status": "\u0e15\u0e2d\u0e1a\u0e01\u0e25\u0e31\u0e1a\u0e41\u0e25\u0e49\u0e27", "submitted_by": "web", "patient": 18, "voicemail": "", "period": "morning", "datetime": "2013-03-24T06:30:16Z"}}, {"pk": 281, "model": "frontend.record", "fields": {"status": "\u0e15\u0e2d\u0e1a\u0e01\u0e25\u0e31\u0e1a\u0e41\u0e25\u0e49\u0e27", "submitted_by": "web", "patient": 15, "voicemail": "", "period": "morning", "datetime": "2013-03-25T05:13:42Z"}}, {"pk": 282, "model": "frontend.record", "fields": {"status": "\u0e15\u0e2d\u0e1a\u0e01\u0e25\u0e31\u0e1a\u0e41\u0e25\u0e49\u0e27", "submitted_by": "web", "patient": 18, "voicemail": "", "period": "morning", "datetime": "2013-03-25T08:14:03Z"}}, {"pk": 283, "model": "frontend.record", "fields": {"status": "\u0e15\u0e2d\u0e1a\u0e01\u0e25\u0e31\u0e1a\u0e41\u0e25\u0e49\u0e27", "submitted_by": "web", "patient": 15, "voicemail": "", "period": "morning", "datetime": "2013-03-26T01:25:47Z"}}, {"pk": 284, "model": "frontend.record", "fields": {"status": "\u0e15\u0e2d\u0e1a\u0e01\u0e25\u0e31\u0e1a\u0e41\u0e25\u0e49\u0e27", "submitted_by": "web", "patient": 18, "voicemail": "", "period": "morning", "datetime": "2013-03-26T03:06:48Z"}}, {"pk": 285, "model": "frontend.record", "fields": {"status": "\u0e15\u0e2d\u0e1a\u0e01\u0e25\u0e31\u0e1a\u0e41\u0e25\u0e49\u0e27", "submitted_by": "web", "patient": 15, "voicemail": "", "period": "morning", "datetime": "2013-03-27T01:28:15Z"}}, {"pk": 286, "model": "frontend.record", "fields": {"status": "\u0e15\u0e2d\u0e1a\u0e01\u0e25\u0e31\u0e1a\u0e41\u0e25\u0e49\u0e27", "submitted_by": "web", "patient": 18, "voicemail": "", "period": "morning", "datetime": "2013-03-27T02:48:45Z"}}, {"pk": 287, "model": "frontend.record", "fields": {"status": "\u0e15\u0e2d\u0e1a\u0e01\u0e25\u0e31\u0e1a\u0e41\u0e25\u0e49\u0e27", "submitted_by": "web", "patient": 14, "voicemail": "", "period": "morning", "datetime": "2013-03-27T13:46:13Z"}}, {"pk": 288, "model": "frontend.record", "fields": {"status": "\u0e15\u0e2d\u0e1a\u0e01\u0e25\u0e31\u0e1a\u0e41\u0e25\u0e49\u0e27", "submitted_by": "web", "patient": 18, "voicemail": "", "period": "morning", "datetime": "2013-03-28T01:39:42Z"}}, {"pk": 289, "model": "frontend.record", "fields": {"status": "\u0e15\u0e2d\u0e1a\u0e01\u0e25\u0e31\u0e1a\u0e41\u0e25\u0e49\u0e27", "submitted_by": "web", "patient": 15, "voicemail": "", "period": "morning", "datetime": "2013-03-28T14:50:47Z"}}, {"pk": 290, "model": "frontend.record", "fields": {"status": "\u0e15\u0e2d\u0e1a\u0e01\u0e25\u0e31\u0e1a\u0e41\u0e25\u0e49\u0e27", "submitted_by": "web", "patient": 15, "voicemail": "", "period": "morning", "datetime": "2013-03-29T02:41:28Z"}}, {"pk": 291, "model": "frontend.record", "fields": {"status": "\u0e15\u0e2d\u0e1a\u0e01\u0e25\u0e31\u0e1a\u0e41\u0e25\u0e49\u0e27", "submitted_by": "web", "patient": 18, "voicemail": "", "period": "morning", "datetime": "2013-03-29T05:57:29Z"}}, {"pk": 292, "model": "frontend.record", "fields": {"status": "\u0e15\u0e2d\u0e1a\u0e01\u0e25\u0e31\u0e1a\u0e41\u0e25\u0e49\u0e27", "submitted_by": "web", "patient": 18, "voicemail": "", "period": "morning", "datetime": "2013-03-30T02:44:01Z"}}, {"pk": 293, "model": "frontend.record", "fields": {"status": "\u0e15\u0e2d\u0e1a\u0e01\u0e25\u0e31\u0e1a\u0e41\u0e25\u0e49\u0e27", "submitted_by": "web", "patient": 15, "voicemail": "", "period": "morning", "datetime": "2013-03-30T03:29:41Z"}}, {"pk": 294, "model": "frontend.record", "fields": {"status": "\u0e15\u0e2d\u0e1a\u0e01\u0e25\u0e31\u0e1a\u0e41\u0e25\u0e49\u0e27", "submitted_by": "web", "patient": 18, "voicemail": "", "period": "morning", "datetime": "2013-03-31T11:24:36Z"}}, {"pk": 295, "model": "frontend.record", "fields": {"status": "\u0e15\u0e2d\u0e1a\u0e01\u0e25\u0e31\u0e1a\u0e41\u0e25\u0e49\u0e27", "submitted_by": "web", "patient": 15, "voicemail": "", "period": "morning", "datetime": "2013-03-31T12:59:23Z"}}, {"pk": 296, "model": "frontend.record", "fields": {"status": "\u0e15\u0e2d\u0e1a\u0e01\u0e25\u0e31\u0e1a\u0e41\u0e25\u0e49\u0e27", "submitted_by": "web", "patient": 15, "voicemail": "", "period": "morning", "datetime": "2013-04-01T02:55:10Z"}}, {"pk": 300, "model": "frontend.record", "fields": {"status": "\u0e15\u0e2d\u0e1a\u0e01\u0e25\u0e31\u0e1a\u0e41\u0e25\u0e49\u0e27", "submitted_by": "web", "patient": 18, "voicemail": "", "period": "morning", "datetime": "2013-04-02T01:15:16Z"}}, {"pk": 301, "model": "frontend.record", "fields": {"status": "\u0e15\u0e2d\u0e1a\u0e01\u0e25\u0e31\u0e1a\u0e41\u0e25\u0e49\u0e27", "submitted_by": "web", "patient": 15, "voicemail": "", "period": "morning", "datetime": "2013-04-02T02:26:24Z"}}, {"pk": 302, "model": "frontend.record", "fields": {"status": "\u0e15\u0e2d\u0e1a\u0e01\u0e25\u0e31\u0e1a\u0e41\u0e25\u0e49\u0e27", "submitted_by": "web", "patient": 18, "voicemail": "", "period": "morning", "datetime": "2013-04-03T11:44:14Z"}}, {"pk": 303, "model": "frontend.record", "fields": {"status": "\u0e15\u0e2d\u0e1a\u0e01\u0e25\u0e31\u0e1a\u0e41\u0e25\u0e49\u0e27", "submitted_by": "web", "patient": 18, "voicemail": "", "period": "morning", "datetime": "2013-04-04T23:23:45Z"}}, {"pk": 304, "model": "frontend.record", "fields": {"status": "\u0e15\u0e2d\u0e1a\u0e01\u0e25\u0e31\u0e1a\u0e41\u0e25\u0e49\u0e27", "submitted_by": "web", "patient": 15, "voicemail": "", "period": "morning", "datetime": "2013-04-05T03:35:16Z"}}, {"pk": 305, "model": "frontend.record", "fields": {"status": "\u0e15\u0e2d\u0e1a\u0e01\u0e25\u0e31\u0e1a\u0e41\u0e25\u0e49\u0e27", "submitted_by": "web", "patient": 15, "voicemail": "", "period": "morning", "datetime": "2013-04-07T01:28:28Z"}}, {"pk": 306, "model": "frontend.record", "fields": {"status": "\u0e15\u0e2d\u0e1a\u0e01\u0e25\u0e31\u0e1a\u0e41\u0e25\u0e49\u0e27", "submitted_by": "web", "patient": 15, "voicemail": "", "period": "morning", "datetime": "2013-04-08T04:56:29Z"}}, {"pk": 307, "model": "frontend.record", "fields": {"status": "\u0e15\u0e2d\u0e1a\u0e01\u0e25\u0e31\u0e1a\u0e41\u0e25\u0e49\u0e27", "submitted_by": "web", "patient": 15, "voicemail": "", "period": "morning", "datetime": "2013-04-10T02:14:26Z"}}, {"pk": 308, "model": "frontend.record", "fields": {"status": "\u0e15\u0e2d\u0e1a\u0e01\u0e25\u0e31\u0e1a\u0e41\u0e25\u0e49\u0e27", "submitted_by": "web", "patient": 18, "voicemail": "", "period": "morning", "datetime": "2013-04-11T00:02:24Z"}}, {"pk": 309, "model": "frontend.record", "fields": {"status": "\u0e15\u0e2d\u0e1a\u0e01\u0e25\u0e31\u0e1a\u0e41\u0e25\u0e49\u0e27", "submitted_by": "web", "patient": 15, "voicemail": "", "period": "morning", "datetime": "2013-04-11T01:12:18Z"}}, {"pk": 310, "model": "frontend.record", "fields": {"status": "\u0e15\u0e2d\u0e1a\u0e01\u0e25\u0e31\u0e1a\u0e41\u0e25\u0e49\u0e27", "submitted_by": "web", "patient": 18, "voicemail": "", "period": "morning", "datetime": "2013-04-12T04:22:31Z"}}, {"pk": 311, "model": "frontend.record", "fields": {"status": "\u0e15\u0e2d\u0e1a\u0e01\u0e25\u0e31\u0e1a\u0e41\u0e25\u0e49\u0e27", "submitted_by": "web", "patient": 18, "voicemail": "", "period": "morning", "datetime": "2013-04-13T09:37:05Z"}}, {"pk": 312, "model": "frontend.record", "fields": {"status": "\u0e15\u0e2d\u0e1a\u0e01\u0e25\u0e31\u0e1a\u0e41\u0e25\u0e49\u0e27", "submitted_by": "web", "patient": 18, "voicemail": "", "period": "morning", "datetime": "2013-04-14T01:54:56Z"}}, {"pk": 313, "model": "frontend.record", "fields": {"status": "\u0e15\u0e2d\u0e1a\u0e01\u0e25\u0e31\u0e1a\u0e41\u0e25\u0e49\u0e27", "submitted_by": "web", "patient": 15, "voicemail": "", "period": "morning", "datetime": "2013-04-14T03:53:13Z"}}, {"pk": 314, "model": "frontend.record", "fields": {"status": "\u0e15\u0e2d\u0e1a\u0e01\u0e25\u0e31\u0e1a\u0e41\u0e25\u0e49\u0e27", "submitted_by": "web", "patient": 15, "voicemail": "", "period": "morning", "datetime": "2013-04-15T02:59:42Z"}}, {"pk": 315, "model": "frontend.record", "fields": {"status": "\u0e15\u0e2d\u0e1a\u0e01\u0e25\u0e31\u0e1a\u0e41\u0e25\u0e49\u0e27", "submitted_by": "web", "patient": 18, "voicemail": "", "period": "morning", "datetime": "2013-04-17T01:34:23Z"}}, {"pk": 316, "model": "frontend.record", "fields": {"status": "\u0e15\u0e2d\u0e1a\u0e01\u0e25\u0e31\u0e1a\u0e41\u0e25\u0e49\u0e27", "submitted_by": "web", "patient": 15, "voicemail": "", "period": "morning", "datetime": "2013-04-17T08:41:14Z"}}, {"pk": 317, "model": "frontend.record", "fields": {"status": "\u0e15\u0e2d\u0e1a\u0e01\u0e25\u0e31\u0e1a\u0e41\u0e25\u0e49\u0e27", "submitted_by": "web", "patient": 15, "voicemail": "", "period": "morning", "datetime": "2013-04-18T02:53:18Z"}}, {"pk": 318, "model": "frontend.record", "fields": {"status": "\u0e15\u0e2d\u0e1a\u0e01\u0e25\u0e31\u0e1a\u0e41\u0e25\u0e49\u0e27", "submitted_by": "web", "patient": 18, "voicemail": "", "period": "morning", "datetime": "2013-04-18T03:35:39Z"}}, {"pk": 319, "model": "frontend.record", "fields": {"status": "\u0e15\u0e2d\u0e1a\u0e01\u0e25\u0e31\u0e1a\u0e41\u0e25\u0e49\u0e27", "submitted_by": "web", "patient": 18, "voicemail": "", "period": "morning", "datetime": "2013-04-19T07:18:10Z"}}, {"pk": 320, "model": "frontend.record", "fields": {"status": "\u0e15\u0e2d\u0e1a\u0e01\u0e25\u0e31\u0e1a\u0e41\u0e25\u0e49\u0e27", "submitted_by": "web", "patient": 18, "voicemail": "", "period": "morning", "datetime": "2013-04-20T01:36:31Z"}}, {"pk": 321, "model": "frontend.record", "fields": {"status": "\u0e23\u0e2d\u0e01\u0e32\u0e23\u0e15\u0e2d\u0e1a\u0e01\u0e25\u0e31\u0e1a", "submitted_by": "web", "patient": 15, "voicemail": "", "period": "morning", "datetime": "2013-04-21T12:18:12Z"}}, {"pk": 322, "model": "frontend.record", "fields": {"status": "\u0e23\u0e2d\u0e01\u0e32\u0e23\u0e15\u0e2d\u0e1a\u0e01\u0e25\u0e31\u0e1a", "submitted_by": "web", "patient": 18, "voicemail": "", "period": "morning", "datetime": "2013-04-22T02:16:56Z"}}, {"pk": 36, "model": "frontend.response", "fields": {"deleted": false, "record": 104, "nurse": 1, "reply_text": "\u0e40\u0e23\u0e32\u0e17\u0e1a\u0e17\u0e27\u0e19\u0e02\u0e49\u0e2d\u0e21\u0e39\u0e25\u0e02\u0e2d\u0e07\u0e04\u0e38\u0e13\u0e41\u0e25\u0e49\u0e27 \u0e44\u0e21\u0e48\u0e1b\u0e23\u0e31\u0e1a\u0e22\u0e32 \u0e43\u0e2b\u0e49\u0e17\u0e32\u0e19\u0e40\u0e2b\u0e21\u0e37\u0e2d\u0e19\u0e40\u0e14\u0e34\u0e21 \u0e02\u0e2d\u0e1a\u0e04\u0e38\u0e13\u0e04\u0e48\u0e30||", "timestamp": "2013-02-18T17:00:00Z"}}, {"pk": 37, "model": "frontend.response", "fields": {"deleted": false, "record": 105, "nurse": 1, "reply_text": "\u0e40\u0e23\u0e32\u0e17\u0e1a\u0e17\u0e27\u0e19\u0e02\u0e49\u0e2d\u0e21\u0e39\u0e25\u0e02\u0e2d\u0e07\u0e04\u0e38\u0e13\u0e41\u0e25\u0e49\u0e27 \u0e44\u0e21\u0e48\u0e1b\u0e23\u0e31\u0e1a\u0e22\u0e32 \u0e43\u0e2b\u0e49\u0e17\u0e32\u0e19\u0e40\u0e2b\u0e21\u0e37\u0e2d\u0e19\u0e40\u0e14\u0e34\u0e21 \u0e02\u0e2d\u0e1a\u0e04\u0e38\u0e13\u0e04\u0e48\u0e30||", "timestamp": "2013-02-18T17:00:00Z"}}, {"pk": 38, "model": "frontend.response", "fields": {"deleted": false, "record": 106, "nurse": 1, "reply_text": "\u0e40\u0e23\u0e32\u0e17\u0e1a\u0e17\u0e27\u0e19\u0e02\u0e49\u0e2d\u0e21\u0e39\u0e25\u0e02\u0e2d\u0e07\u0e04\u0e38\u0e13\u0e41\u0e25\u0e49\u0e27 \u0e44\u0e21\u0e48\u0e1b\u0e23\u0e31\u0e1a\u0e22\u0e32 \u0e43\u0e2b\u0e49\u0e17\u0e32\u0e19\u0e40\u0e2b\u0e21\u0e37\u0e2d\u0e19\u0e40\u0e14\u0e34\u0e21 \u0e02\u0e2d\u0e1a\u0e04\u0e38\u0e13\u0e04\u0e48\u0e30||", "timestamp": "2013-02-18T17:00:00Z"}}, {"pk": 46, "model": "frontend.response", "fields": {"deleted": false, "record": 111, "nurse": 1, "reply_text": "\u0e40\u0e23\u0e32\u0e17\u0e1a\u0e17\u0e27\u0e19\u0e02\u0e49\u0e2d\u0e21\u0e39\u0e25\u0e02\u0e2d\u0e07\u0e04\u0e38\u0e13\u0e41\u0e25\u0e49\u0e27 \u0e44\u0e21\u0e48\u0e1b\u0e23\u0e31\u0e1a\u0e22\u0e32 \u0e43\u0e2b\u0e49\u0e17\u0e32\u0e19\u0e40\u0e2b\u0e21\u0e37\u0e2d\u0e19\u0e40\u0e14\u0e34\u0e21 \u0e02\u0e2d\u0e1a\u0e04\u0e38\u0e13\u0e04\u0e48\u0e30||", "timestamp": "2013-02-18T17:00:00Z"}}, {"pk": 47, "model": "frontend.response", "fields": {"deleted": false, "record": 108, "nurse": 1, "reply_text": "\u0e40\u0e23\u0e32\u0e17\u0e1a\u0e17\u0e27\u0e19\u0e02\u0e49\u0e2d\u0e21\u0e39\u0e25\u0e02\u0e2d\u0e07\u0e04\u0e38\u0e13\u0e41\u0e25\u0e49\u0e27 \u0e44\u0e21\u0e48\u0e1b\u0e23\u0e31\u0e1a\u0e22\u0e32 \u0e43\u0e2b\u0e49\u0e17\u0e32\u0e19\u0e40\u0e2b\u0e21\u0e37\u0e2d\u0e19\u0e40\u0e14\u0e34\u0e21 \u0e02\u0e2d\u0e1a\u0e04\u0e38\u0e13\u0e04\u0e48\u0e30||", "timestamp": "2013-02-18T17:00:00Z"}}, {"pk": 48, "model": "frontend.response", "fields": {"deleted": false, "record": 118, "nurse": 4, "reply_text": "\u0e40\u0e23\u0e32\u0e17\u0e1a\u0e17\u0e27\u0e19\u0e02\u0e49\u0e2d\u0e21\u0e39\u0e25\u0e02\u0e2d\u0e07\u0e04\u0e38\u0e13\u0e41\u0e25\u0e49\u0e27 \u0e44\u0e21\u0e48\u0e1b\u0e23\u0e31\u0e1a\u0e22\u0e32 \u0e43\u0e2b\u0e49\u0e17\u0e32\u0e19\u0e40\u0e2b\u0e21\u0e37\u0e2d\u0e19\u0e40\u0e14\u0e34\u0e21 \u0e02\u0e2d\u0e1a\u0e04\u0e38\u0e13\u0e04\u0e48\u0e30||", "timestamp": "2013-02-18T17:00:00Z"}}, {"pk": 50, "model": "frontend.response", "fields": {"deleted": false, "record": 122, "nurse": 1, "reply_text": "\u0e40\u0e23\u0e32\u0e17\u0e1a\u0e17\u0e27\u0e19\u0e02\u0e49\u0e2d\u0e21\u0e39\u0e25\u0e02\u0e2d\u0e07\u0e04\u0e38\u0e13\u0e41\u0e25\u0e49\u0e27 \u0e44\u0e21\u0e48\u0e1b\u0e23\u0e31\u0e1a\u0e22\u0e32 \u0e43\u0e2b\u0e49\u0e17\u0e32\u0e19\u0e40\u0e2b\u0e21\u0e37\u0e2d\u0e19\u0e40\u0e14\u0e34\u0e21 \u0e02\u0e2d\u0e1a\u0e04\u0e38\u0e13\u0e04\u0e48\u0e30||", "timestamp": "2013-02-18T17:00:00Z"}}, {"pk": 51, "model": "frontend.response", "fields": {"deleted": false, "record": 120, "nurse": 4, "reply_text": "\u0e40\u0e23\u0e32\u0e17\u0e1a\u0e17\u0e27\u0e19\u0e02\u0e49\u0e2d\u0e21\u0e39\u0e25\u0e02\u0e2d\u0e07\u0e04\u0e38\u0e13\u0e41\u0e25\u0e49\u0e27 \u0e44\u0e21\u0e48\u0e1b\u0e23\u0e31\u0e1a\u0e22\u0e32 \u0e43\u0e2b\u0e49\u0e17\u0e32\u0e19\u0e40\u0e2b\u0e21\u0e37\u0e2d\u0e19\u0e40\u0e14\u0e34\u0e21 \u0e02\u0e2d\u0e1a\u0e04\u0e38\u0e13\u0e04\u0e48\u0e30||", "timestamp": "2013-02-18T17:00:00Z"}}, {"pk": 52, "model": "frontend.response", "fields": {"deleted": false, "record": 119, "nurse": 4, "reply_text": "\u0e40\u0e23\u0e32\u0e17\u0e1a\u0e17\u0e27\u0e19\u0e02\u0e49\u0e2d\u0e21\u0e39\u0e25\u0e02\u0e2d\u0e07\u0e04\u0e38\u0e13\u0e41\u0e25\u0e49\u0e27 \u0e44\u0e21\u0e48\u0e1b\u0e23\u0e31\u0e1a\u0e22\u0e32 \u0e43\u0e2b\u0e49\u0e17\u0e32\u0e19\u0e40\u0e2b\u0e21\u0e37\u0e2d\u0e19\u0e40\u0e14\u0e34\u0e21 \u0e02\u0e2d\u0e1a\u0e04\u0e38\u0e13\u0e04\u0e48\u0e30||", "timestamp": "2013-02-18T17:00:00Z"}}, {"pk": 53, "model": "frontend.response", "fields": {"deleted": false, "record": 123, "nurse": 4, "reply_text": "\u0e19\u0e49\u0e33\u0e2b\u0e19\u0e31\u0e01 47-48.5 \u0e19\u0e48\u0e32\u0e08\u0e30\u0e40\u0e1b\u0e47\u0e19 good weight \u0e19\u0e30\u0e04\u0e30 \u0e08\u0e30\u0e44\u0e14\u0e49\u0e17\u0e32\u0e19 Lasix \u0e41\u0e04\u0e48\u0e04\u0e23\u0e36\u0e48\u0e07\u0e40\u0e21\u0e47\u0e14 \u0e08\u0e32\u0e01 \u0e2d\u0e23\u0e27\u0e34\u0e01\u0e32\u0e0d\u0e08\u0e19\u0e4c HF nurse||", "timestamp": "2013-02-18T17:00:00Z"}}, {"pk": 55, "model": "frontend.response", "fields": {"deleted": false, "record": 124, "nurse": 1, "reply_text": "\u0e40\u0e23\u0e32\u0e17\u0e1a\u0e17\u0e27\u0e19\u0e02\u0e49\u0e2d\u0e21\u0e39\u0e25\u0e02\u0e2d\u0e07\u0e04\u0e38\u0e13\u0e41\u0e25\u0e49\u0e27 \u0e44\u0e21\u0e48\u0e1b\u0e23\u0e31\u0e1a\u0e22\u0e32 \u0e43\u0e2b\u0e49\u0e17\u0e32\u0e19\u0e40\u0e2b\u0e21\u0e37\u0e2d\u0e19\u0e40\u0e14\u0e34\u0e21 \u0e02\u0e2d\u0e1a\u0e04\u0e38\u0e13\u0e04\u0e48\u0e30||", "timestamp": "2013-02-18T17:00:00Z"}}, {"pk": 56, "model": "frontend.response", "fields": {"deleted": false, "record": 125, "nurse": 1, "reply_text": "\u0e40\u0e23\u0e32\u0e17\u0e1a\u0e17\u0e27\u0e19\u0e02\u0e49\u0e2d\u0e21\u0e39\u0e25\u0e02\u0e2d\u0e07\u0e04\u0e38\u0e13\u0e41\u0e25\u0e49\u0e27 \u0e44\u0e21\u0e48\u0e1b\u0e23\u0e31\u0e1a\u0e22\u0e32 \u0e43\u0e2b\u0e49\u0e17\u0e32\u0e19\u0e40\u0e2b\u0e21\u0e37\u0e2d\u0e19\u0e40\u0e14\u0e34\u0e21 \u0e02\u0e2d\u0e1a\u0e04\u0e38\u0e13\u0e04\u0e48\u0e30||", "timestamp": "2013-02-18T17:00:00Z"}}, {"pk": 57, "model": "frontend.response", "fields": {"deleted": false, "record": 133, "nurse": 1, "reply_text": "\u0e40\u0e23\u0e32\u0e17\u0e1a\u0e17\u0e27\u0e19\u0e02\u0e49\u0e2d\u0e21\u0e39\u0e25\u0e02\u0e2d\u0e07\u0e04\u0e38\u0e13\u0e41\u0e25\u0e49\u0e27 \u0e44\u0e21\u0e48\u0e1b\u0e23\u0e31\u0e1a\u0e22\u0e32 \u0e43\u0e2b\u0e49\u0e17\u0e32\u0e19\u0e40\u0e2b\u0e21\u0e37\u0e2d\u0e19\u0e40\u0e14\u0e34\u0e21 \u0e02\u0e2d\u0e1a\u0e04\u0e38\u0e13\u0e04\u0e48\u0e30||", "timestamp": "2013-02-18T17:00:00Z"}}, {"pk": 62, "model": "frontend.response", "fields": {"deleted": false, "record": 140, "nurse": 1, "reply_text": "\u0e40\u0e23\u0e32\u0e17\u0e1a\u0e17\u0e27\u0e19\u0e02\u0e49\u0e2d\u0e21\u0e39\u0e25\u0e02\u0e2d\u0e07\u0e04\u0e38\u0e13\u0e41\u0e25\u0e49\u0e27 \u0e44\u0e21\u0e48\u0e1b\u0e23\u0e31\u0e1a\u0e22\u0e32 \u0e43\u0e2b\u0e49\u0e17\u0e32\u0e19\u0e40\u0e2b\u0e21\u0e37\u0e2d\u0e19\u0e40\u0e14\u0e34\u0e21 \u0e02\u0e2d\u0e1a\u0e04\u0e38\u0e13\u0e04\u0e48\u0e30||", "timestamp": "2013-02-18T17:00:00Z"}}, {"pk": 63, "model": "frontend.response", "fields": {"deleted": false, "record": 157, "nurse": 4, "reply_text": "\u0e40\u0e23\u0e32\u0e17\u0e1a\u0e17\u0e27\u0e19\u0e02\u0e49\u0e2d\u0e21\u0e39\u0e25\u0e02\u0e2d\u0e07\u0e04\u0e38\u0e13\u0e41\u0e25\u0e49\u0e27 \u0e44\u0e21\u0e48\u0e1b\u0e23\u0e31\u0e1a\u0e22\u0e32 \u0e43\u0e2b\u0e49\u0e17\u0e32\u0e19\u0e40\u0e2b\u0e21\u0e37\u0e2d\u0e19\u0e40\u0e14\u0e34\u0e21 \u0e02\u0e2d\u0e1a\u0e04\u0e38\u0e13\u0e04\u0e48\u0e30||", "timestamp": "2013-02-18T17:00:00Z"}}, {"pk": 64, "model": "frontend.response", "fields": {"deleted": false, "record": 160, "nurse": 4, "reply_text": "\u0e40\u0e23\u0e32\u0e17\u0e1a\u0e17\u0e27\u0e19\u0e02\u0e49\u0e2d\u0e21\u0e39\u0e25\u0e02\u0e2d\u0e07\u0e04\u0e38\u0e13\u0e41\u0e25\u0e49\u0e27 \u0e44\u0e21\u0e48\u0e1b\u0e23\u0e31\u0e1a\u0e22\u0e32 \u0e43\u0e2b\u0e49\u0e17\u0e32\u0e19\u0e40\u0e2b\u0e21\u0e37\u0e2d\u0e19\u0e40\u0e14\u0e34\u0e21 \u0e02\u0e2d\u0e1a\u0e04\u0e38\u0e13\u0e04\u0e48\u0e30||", "timestamp": "2013-02-18T17:00:00Z"}}, {"pk": 65, "model": "frontend.response", "fields": {"deleted": false, "record": 161, "nurse": 4, "reply_text": "\u0e19\u0e49\u0e33\u0e2b\u0e19\u0e31\u0e01\u0e0a\u0e48\u0e27\u0e07\u0e19\u0e35\u0e49\u0e04\u0e07\u0e17\u0e35\u0e48\u0e14\u0e35\u0e21\u0e32\u0e01\u0e04\u0e48\u0e30 \u0e17\u0e32\u0e19 Lasix \u0e02\u0e19\u0e32\u0e14\u0e40\u0e14\u0e34\u0e21\u0e19\u0e30\u0e04\u0e30 \u0e23\u0e2d\u0e15\u0e23\u0e27\u0e08\u0e04\u0e48\u0e32\u0e01\u0e32\u0e23\u0e17\u0e33\u0e07\u0e32\u0e19\u0e02\u0e2d\u0e07\u0e44\u0e15\u0e0b\u0e33\u0e27\u0e31\u0e19 follow up \u0e19\u0e30\u0e04\u0e30\r\n|\u0e08\u0e32\u0e01 \u0e2d\u0e23\u0e27\u0e34\u0e01\u0e32\u0e0d\u0e08\u0e19\u0e4c \u0e02\u0e2d\u0e1a\u0e04\u0e38\u0e13\u0e04\u0e48\u0e30|", "timestamp": "2013-02-18T17:00:00Z"}}, {"pk": 75, "model": "frontend.response", "fields": {"deleted": false, "record": 188, "nurse": 4, "reply_text": "\u0e40\u0e23\u0e32\u0e17\u0e1a\u0e17\u0e27\u0e19\u0e02\u0e49\u0e2d\u0e21\u0e39\u0e25\u0e02\u0e2d\u0e07\u0e04\u0e38\u0e13\u0e41\u0e25\u0e49\u0e27 \u0e44\u0e21\u0e48\u0e1b\u0e23\u0e31\u0e1a\u0e22\u0e32 \u0e43\u0e2b\u0e49\u0e17\u0e32\u0e19\u0e40\u0e2b\u0e21\u0e37\u0e2d\u0e19\u0e40\u0e14\u0e34\u0e21 \u0e02\u0e2d\u0e1a\u0e04\u0e38\u0e13\u0e04\u0e48\u0e30||", "timestamp": "2013-02-18T17:00:00Z"}}, {"pk": 76, "model": "frontend.response", "fields": {"deleted": false, "record": 198, "nurse": 4, "reply_text": "\u0e16\u0e49\u0e32\u0e19\u0e49\u0e33\u0e2b\u0e19\u0e31\u0e01\u0e04\u0e38\u0e13\u0e04\u0e07\u0e17\u0e35\u0e48 \u0e19\u0e2d\u0e19\u0e23\u0e32\u0e1a\u0e44\u0e14\u0e49 \u0e44\u0e21\u0e48\u0e40\u0e2b\u0e19\u0e37\u0e48\u0e2d\u0e22\u0e2b\u0e23\u0e37\u0e2d\u0e2b\u0e32\u0e22\u0e43\u0e25\u0e33\u0e1a\u0e32\u0e01 \u0e02\u0e32\u0e44\u0e21\u0e48\u0e1a\u0e27\u0e21 \u0e2a\u0e1a\u0e32\u0e22\u0e43\u0e08\u0e44\u0e14\u0e49\u0e40\u0e25\u0e22\u0e04\u0e48\u0e30\u0e27\u0e48\u0e32 \u0e04\u0e38\u0e13\u0e44\u0e21\u0e48\u0e15\u0e49\u0e2d\u0e07\u0e43\u0e0a\u0e49\u0e22\u0e32\u0e02\u0e31\u0e1a\u0e1b\u0e31\u0e2a\u0e2a\u0e32\u0e27\u0e30\u0e43\u0e19\u0e23\u0e30\u0e22\u0e30\u0e22\u0e32\u0e27\u0e44\u0e14\u0e49\u0e40\u0e25\u0e22||", "timestamp": "2013-02-18T17:00:00Z"}}, {"pk": 77, "model": "frontend.response", "fields": {"deleted": false, "record": 199, "nurse": 4, "reply_text": "Good weight ka.||", "timestamp": "2013-02-18T17:00:00Z"}}, {"pk": 78, "model": "frontend.response", "fields": {"deleted": false, "record": 200, "nurse": 4, "reply_text": "\u0e14\u0e35\u0e04\u0e48\u0e30 \u0e04\u0e38\u0e13 \u0e23\u0e31\u0e01\u0e29\u0e32\u0e19\u0e49\u0e32\u0e2b\u0e19\u0e31\u0e01\u0e44\u0e14\u0e49\u0e14\u0e35\u0e40\u0e22\u0e48\u0e35\u0e48\u0e22\u0e21\u0e40\u0e25\u0e22 \r\n\u0e41\u0e15\u0e48\u0e16\u0e49\u0e32\u0e19\u0e49\u0e33\u0e2b\u0e19\u0e31\u0e01\u0e02\u0e36\u0e49\u0e19\u0e40\u0e23\u0e47\u0e27 1-2 \u0e01\u0e34\u0e42\u0e25\u0e01\u0e23\u0e31\u0e21\u0e43\u0e19 1-3 \u0e27\u0e31\u0e19 \u0e15\u0e49\u0e2d\u0e07 alert \r\n|\u0e41\u0e15\u0e48\u0e16\u0e49\u0e32\u0e02\u0e36\u0e49\u0e19 1-2 \u0e01\u0e34\u0e42\u0e25\u0e01\u0e23\u0e31\u0e21\u0e43\u0e19 1 \u0e40\u0e14\u0e37\u0e2d\u0e19 \u0e2d\u0e32\u0e08\u0e08\u0e30\u0e40\u0e1b\u0e47\u0e19\u0e40\u0e19\u0e37\u0e49\u0e2d \u0e04\u0e37\u0e2d\u0e2d\u0e49\u0e27\u0e19\u0e02\u0e36\u0e49\u0e19\u0e2b\u0e19\u0e48\u0e2d\u0e22 \u0e44\u0e21\u0e48\u0e19\u0e48\u0e32\u0e40\u0e1b\u0e47\u0e19\u0e2b\u0e48\u0e27\u0e07\r\n\u0e08\u0e32\u0e01 \u0e2d\u0e23\u0e27\u0e34\u0e01\u0e32\u0e0d\u0e08\u0e19\u0e4c \u0e04\u0e48\u0e30|", "timestamp": "2013-02-18T17:00:00Z"}}, {"pk": 79, "model": "frontend.response", "fields": {"deleted": false, "record": 201, "nurse": 4, "reply_text": "\u0e0a\u0e48\u0e27\u0e07\u0e19\u0e35\u0e49\u0e19\u0e49\u0e32\u0e2b\u0e19\u0e31\u0e01\u0e14\u0e35\u0e40\u0e22\u0e35\u0e48\u0e22\u0e21\u0e04\u0e48\u0e30 46-47 \u0e01\u0e34\u0e42\u0e25\u0e01\u0e23\u0e31\u0e21 \u0e17\u0e32\u0e19\u0e22\u0e32 Lasix \u0e02\u0e19\u0e32\u0e14\u0e40\u0e14\u0e34\u0e21\u0e44\u0e1b\u0e01\u0e48\u0e2d\u0e19\u0e19\u0e30\u0e04\u0e30 \u0e04\u0e38\u0e21\u0e44\u0e27\u0e49\u0e01\u0e48\u0e2d\u0e19 \u0e08\u0e32\u0e01 \u0e2d\u0e23\u0e27\u0e34\u0e01\u0e32\u0e0d\u0e08\u0e19\u0e4c\u0e04\u0e48\u0e30||", "timestamp": "2013-02-18T17:00:00Z"}}, {"pk": 80, "model": "frontend.response", "fields": {"deleted": false, "record": 203, "nurse": 4, "reply_text": "\u0e22\u0e2d\u0e14\u0e40\u0e22\u0e35\u0e48\u0e22\u0e21\u0e04\u0e48\u0e30 \u0e22\u0e31\u0e07\u0e21\u0e35\u0e1b\u0e31\u0e0d\u0e2b\u0e32\u0e14\u0e49\u0e32\u0e19\u0e01\u0e23\u0e30\u0e40\u0e1e\u0e32\u0e30\u0e2d\u0e32\u0e2b\u0e32\u0e23\u0e2d\u0e22\u0e39\u0e48\u0e44\u0e2b\u0e21\u0e04\u0e30||", "timestamp": "2013-02-18T17:00:00Z"}}, {"pk": 81, "model": "frontend.response", "fields": {"deleted": false, "record": 204, "nurse": 4, "reply_text": "\u0e19\u0e49\u0e33\u0e2b\u0e19\u0e31\u0e01 ok \u0e19\u0e48\u0e32\u0e08\u0e30\u0e2b\u0e22\u0e38\u0e14 Lasix \u0e44\u0e14\u0e49 \u0e40\u0e14\u0e35\u0e4b\u0e22\u0e27\u0e23\u0e2d\u0e25\u0e38\u0e49\u0e19\u0e04\u0e48\u0e32\u0e01\u0e32\u0e23\u0e17\u0e33\u0e07\u0e32\u0e19\u0e02\u0e2d\u0e07\u0e44\u0e15 (BUN/Cr) \u0e27\u0e48\u0e32\u0e08\u0e30\u0e25\u0e14\u0e25\u0e07\u0e44\u0e2b\u0e21 (\u0e19\u0e48\u0e32\u0e08\u0e30\u0e25\u0e14\u0e25\u0e07\u0e04\u0e48\u0e30)|BP ok ka. \u0e16\u0e49\u0e32\u0e44\u0e21\u0e48\u0e21\u0e35\u0e21\u0e36\u0e19 \u0e40\u0e27\u0e35\u0e22\u0e19\u0e28\u0e35\u0e23\u0e29\u0e30 \u0e44\u0e21\u0e48\u0e19\u0e48\u0e32\u0e40\u0e1b\u0e47\u0e19\u0e2b\u0e48\u0e27\u0e07|\u0e23\u0e2d\u0e1c\u0e25 INR \u0e2d\u0e22\u0e39\u0e48\u0e19\u0e30\u0e04\u0e30", "timestamp": "2013-02-18T17:00:00Z"}}, {"pk": 82, "model": "frontend.response", "fields": {"deleted": false, "record": 205, "nurse": 4, "reply_text": "\u0e40\u0e23\u0e32\u0e17\u0e1a\u0e17\u0e27\u0e19\u0e02\u0e49\u0e2d\u0e21\u0e39\u0e25\u0e02\u0e2d\u0e07\u0e04\u0e38\u0e13\u0e41\u0e25\u0e49\u0e27 \u0e44\u0e21\u0e48\u0e1b\u0e23\u0e31\u0e1a\u0e22\u0e32 \u0e43\u0e2b\u0e49\u0e17\u0e32\u0e19\u0e40\u0e2b\u0e21\u0e37\u0e2d\u0e19\u0e40\u0e14\u0e34\u0e21 \u0e02\u0e2d\u0e1a\u0e04\u0e38\u0e13\u0e04\u0e48\u0e30||", "timestamp": "2013-02-18T17:00:00Z"}}, {"pk": 83, "model": "frontend.response", "fields": {"deleted": false, "record": 206, "nurse": 4, "reply_text": "\u0e22\u0e2d\u0e14\u0e40\u0e22\u0e35\u0e48\u0e22\u0e21\u0e04\u0e48\u0e30. BW = 73-74 kgs. is good weight of you.||", "timestamp": "2013-02-18T17:00:00Z"}}, {"pk": 84, "model": "frontend.response", "fields": {"deleted": false, "record": 207, "nurse": 4, "reply_text": "\u0e19\u0e49\u0e33\u0e2b\u0e19\u0e31\u0e01\u0e14\u0e35\u0e19\u0e30\u0e04\u0e30 \u0e16\u0e49\u0e32\u0e19\u0e19. \u0e25\u0e07\u0e16\u0e36\u0e07 45 \u0e19\u0e48\u0e32\u0e08\u0e30\u0e25\u0e2d\u0e07\u0e25\u0e14 Lasix 500 mg \u0e40\u0e1b\u0e47\u0e19 1/4 \u0e40\u0e21\u0e47\u0e14\r\n\r\n\u0e08\u0e32\u0e01 \u0e2d\u0e23\u0e27\u0e34\u0e01\u0e32\u0e0d\u0e08\u0e19\u0e4c||", "timestamp": "2013-02-18T17:00:00Z"}}, {"pk": 85, "model": "frontend.response", "fields": {"deleted": false, "record": 208, "nurse": 4, "reply_text": "\u0e23\u0e31\u0e1a\u0e1b\u0e23\u0e30\u0e17\u0e32\u0e19\u0e22\u0e32 warfarin \u0e02\u0e19\u0e32\u0e14\u0e40\u0e14\u0e34\u0e21\u0e19\u0e30\u0e04\u0e30 \u0e40\u0e1e\u0e23\u0e32\u0e30 INR \u0e2d\u0e22\u0e39\u0e48\u0e43\u0e19\u0e0a\u0e48\u0e27\u0e07 2.0-3.0 |\u0e40\u0e08\u0e32\u0e30\u0e0b\u0e49\u0e33\u0e27\u0e31\u0e19\u0e19\u0e31\u0e14\u0e15\u0e23\u0e27\u0e08\u0e17\u0e35\u0e48 Heart failure \u0e04\u0e23\u0e31\u0e49\u0e07\u0e2b\u0e19\u0e49\u0e32\u0e19\u0e30\u0e04\u0e30|\u0e2a\u0e48\u0e27\u0e19\u0e40\u0e23\u0e37\u0e48\u0e2d\u0e07\u0e04\u0e48\u0e32\u0e01\u0e32\u0e23\u0e17\u0e33\u0e07\u0e32\u0e19\u0e02\u0e2d\u0e07\u0e44\u0e15. \u0e44\u0e14\u0e49 review lab \u0e44\u0e27\u0e49\u0e1b\u0e35 2555 \u0e16\u0e36\u0e07\u0e15\u0e2d\u0e19\u0e19\u0e35\u0e49 \u0e41\u0e25\u0e30\u0e08\u0e30\u0e1b\u0e23\u0e47\u0e01\u0e29\u0e32\u0e2d.\u0e28\u0e23\u0e34\u0e0d\u0e0d\u0e32\u0e04\u0e48\u0e30", "timestamp": "2013-02-18T17:00:00Z"}}, {"pk": 86, "model": "frontend.response", "fields": {"deleted": false, "record": 209, "nurse": 4, "reply_text": "Excellence||", "timestamp": "2013-02-18T17:00:00Z"}}, {"pk": 88, "model": "frontend.response", "fields": {"deleted": false, "record": 213, "nurse": 1, "reply_text": "\u0e40\u0e23\u0e32\u0e17\u0e1a\u0e17\u0e27\u0e19\u0e02\u0e49\u0e2d\u0e21\u0e39\u0e25\u0e02\u0e2d\u0e07\u0e04\u0e38\u0e13\u0e41\u0e25\u0e49\u0e27 \u0e44\u0e21\u0e48\u0e1b\u0e23\u0e31\u0e1a\u0e22\u0e32 \u0e43\u0e2b\u0e49\u0e17\u0e32\u0e19\u0e40\u0e2b\u0e21\u0e37\u0e2d\u0e19\u0e40\u0e14\u0e34\u0e21 \u0e02\u0e2d\u0e1a\u0e04\u0e38\u0e13\u0e04\u0e48\u0e30||", "timestamp": "2013-02-20T04:02:37Z"}}, {"pk": 89, "model": "frontend.response", "fields": {"deleted": false, "record": 210, "nurse": 4, "reply_text": "\u0e40\u0e23\u0e32\u0e17\u0e1a\u0e17\u0e27\u0e19\u0e02\u0e49\u0e2d\u0e21\u0e39\u0e25\u0e02\u0e2d\u0e07\u0e04\u0e38\u0e13\u0e41\u0e25\u0e49\u0e27 \u0e44\u0e21\u0e48\u0e1b\u0e23\u0e31\u0e1a\u0e22\u0e32 \u0e43\u0e2b\u0e49\u0e17\u0e32\u0e19\u0e40\u0e2b\u0e21\u0e37\u0e2d\u0e19\u0e40\u0e14\u0e34\u0e21 \u0e02\u0e2d\u0e1a\u0e04\u0e38\u0e13\u0e04\u0e48\u0e30||", "timestamp": "2013-02-22T02:02:31Z"}}, {"pk": 90, "model": "frontend.response", "fields": {"deleted": false, "record": 211, "nurse": 4, "reply_text": "Good ka.||", "timestamp": "2013-02-22T02:02:58Z"}}, {"pk": 91, "model": "frontend.response", "fields": {"deleted": false, "record": 214, "nurse": 4, "reply_text": "\u0e40\u0e23\u0e32\u0e17\u0e1a\u0e17\u0e27\u0e19\u0e02\u0e49\u0e2d\u0e21\u0e39\u0e25\u0e02\u0e2d\u0e07\u0e04\u0e38\u0e13\u0e41\u0e25\u0e49\u0e27 \u0e44\u0e21\u0e48\u0e1b\u0e23\u0e31\u0e1a\u0e22\u0e32 \u0e43\u0e2b\u0e49\u0e17\u0e32\u0e19\u0e40\u0e2b\u0e21\u0e37\u0e2d\u0e19\u0e40\u0e14\u0e34\u0e21 \u0e02\u0e2d\u0e1a\u0e04\u0e38\u0e13\u0e04\u0e48\u0e30||", "timestamp": "2013-02-22T02:03:12Z"}}, {"pk": 92, "model": "frontend.response", "fields": {"deleted": false, "record": 215, "nurse": 4, "reply_text": "\u0e16\u0e49\u0e32\u0e44\u0e21\u0e48\u0e14\u0e35\u0e02\u0e36\u0e49\u0e19 \u0e41\u0e08\u0e49\u0e07\u0e19\u0e30\u0e04\u0e30||", "timestamp": "2013-02-22T02:03:51Z"}}, {"pk": 93, "model": "frontend.response", "fields": {"deleted": false, "record": 216, "nurse": 4, "reply_text": "Very good||", "timestamp": "2013-02-22T02:04:07Z"}}, {"pk": 94, "model": "frontend.response", "fields": {"deleted": false, "record": 217, "nurse": 4, "reply_text": "Good ka.||", "timestamp": "2013-02-22T02:04:22Z"}}, {"pk": 95, "model": "frontend.response", "fields": {"deleted": false, "record": 218, "nurse": 4, "reply_text": "\u0e44\u0e21\u0e48\u0e41\u0e19\u0e30\u0e19\u0e33\u0e43\u0e2b\u0e49\u0e17\u0e32\u0e19\u0e40\u0e2d\u0e07\u0e14\u0e35\u0e01\u0e27\u0e48\u0e32\u0e04\u0e48\u0e30 \r\n\u0e25\u0e2d\u0e07\u0e08\u0e34\u0e1a\u0e19\u0e49\u0e33\u0e2d\u0e38\u0e48\u0e19\u0e14\u0e39\u0e01\u0e48\u0e2d\u0e19 |\u0e16\u0e49\u0e32\u0e44\u0e21\u0e48\u0e14\u0e35\u0e02\u0e36\u0e49\u0e19 \u0e44\u0e1b\u0e04\u0e25\u0e34\u0e19\u0e34\u0e01\u0e43\u0e01\u0e25\u0e49\u0e1a\u0e49\u0e32\u0e19\u0e14\u0e35\u0e01\u0e27\u0e48\u0e32\u0e04\u0e48\u0e30|", "timestamp": "2013-02-22T02:05:47Z"}}, {"pk": 96, "model": "frontend.response", "fields": {"deleted": false, "record": 219, "nurse": 4, "reply_text": "\u0e1e\u0e23\u0e38\u0e48\u0e07\u0e19\u0e35\u0e49\u0e16\u0e49\u0e32 \u0e19\u0e19.=45 \u0e01\u0e27\u0e48\u0e32\u0e46 \u0e04\u0e38\u0e13\u0e41\u0e2d\u0e19\u0e25\u0e2d\u0e07\u0e43\u0e2b\u0e49\u0e04\u0e38\u0e13\u0e1e\u0e48\u0e2d\u0e25\u0e14 Lasix \u0e40\u0e1b\u0e47\u0e19 1/4 \u0e44\u0e2b\u0e21\u0e04\u0e30 |\u0e41\u0e25\u0e49\u0e27\u0e14\u0e39\u0e19\u0e19.\u0e15\u0e48\u0e2d\u0e16\u0e49\u0e32\u0e44\u0e21\u0e48\u0e40\u0e1e\u0e34\u0e48\u0e21\u0e02\u0e36\u0e49\u0e19\u0e01\u0e47\u0e25\u0e2d\u0e07\u0e17\u0e32\u0e19 1/4 |\u0e02\u0e2d\u0e1a\u0e04\u0e38\u0e13\u0e04\u0e48\u0e30\r\n\r\n\u0e2d\u0e23\u0e27\u0e34\u0e01\u0e32\u0e0d\u0e08\u0e19\u0e4c", "timestamp": "2013-02-22T02:08:23Z"}}, {"pk": 97, "model": "frontend.response", "fields": {"deleted": false, "record": 220, "nurse": 4, "reply_text": "OK good ka.||", "timestamp": "2013-02-26T08:19:27Z"}}, {"pk": 98, "model": "frontend.response", "fields": {"deleted": false, "record": 221, "nurse": 4, "reply_text": "good weight ka. \u0e2d\u0e32\u0e01\u0e32\u0e23\u0e17\u0e32\u0e07\u0e01\u0e23\u0e30\u0e40\u0e1e\u0e32\u0e30\u0e2d\u0e32\u0e2b\u0e32\u0e23\u0e14\u0e35\u0e02\u0e36\u0e49\u0e19\u0e44\u0e2b\u0e21\u0e04\u0e30||", "timestamp": "2013-02-26T08:20:09Z"}}, {"pk": 99, "model": "frontend.response", "fields": {"deleted": false, "record": 222, "nurse": 4, "reply_text": "\u0e04\u0e19\u0e44\u0e02\u0e49\u0e17\u0e35\u0e48\u0e21\u0e35\u0e40\u0e1a\u0e32\u0e2b\u0e27\u0e32\u0e19\u0e2d\u0e32\u0e08\u0e08\u0e30\u0e40\u0e1b\u0e47\u0e19\u0e15\u0e30\u0e04\u0e23\u0e34\u0e27\u0e44\u0e14\u0e49\u0e1a\u0e49\u0e32\u0e07\u0e04\u0e48\u0e30 |\u0e41\u0e19\u0e30\u0e19\u0e33\u0e43\u0e2b\u0e49\u0e43\u0e0a\u0e49\u0e19\u0e49\u0e33\u0e2d\u0e38\u0e48\u0e19\u0e41\u0e0a\u0e48\u0e40\u0e17\u0e49\u0e32\u0e27\u0e31\u0e19\u0e25\u0e30 2 \u0e04\u0e23\u0e31\u0e49\u0e07 \u0e40\u0e0a\u0e49\u0e32 \u0e40\u0e22\u0e47\u0e19 \u0e04\u0e48\u0e30|\u0e19\u0e48\u0e33\u0e2b\u0e19\u0e31\u0e01\u0e04\u0e07\u0e17\u0e35\u0e48\u0e14\u0e35\u0e21\u0e32\u0e01\u0e04\u0e48\u0e30", "timestamp": "2013-02-26T08:21:43Z"}}, {"pk": 100, "model": "frontend.response", "fields": {"deleted": false, "record": 223, "nurse": 4, "reply_text": "Good ka.||", "timestamp": "2013-02-26T08:22:04Z"}}, {"pk": 101, "model": "frontend.response", "fields": {"deleted": false, "record": 224, "nurse": 4, "reply_text": "\u0e04\u0e38\u0e13\u0e41\u0e2d\u0e19\u0e25\u0e2d\u0e07\u0e43\u0e2b\u0e49\u0e04\u0e38\u0e13\u0e1e\u0e48\u0e2d\u0e25\u0e14 Lasix \u0e40\u0e1b\u0e47\u0e19 1/4 \u0e14\u0e39\u0e44\u0e2b\u0e21\u0e04\u0e30||", "timestamp": "2013-02-26T08:23:06Z"}}, {"pk": 102, "model": "frontend.response", "fields": {"deleted": false, "record": 225, "nurse": 4, "reply_text": "Same ka.||", "timestamp": "2013-02-27T08:29:51Z"}}, {"pk": 103, "model": "frontend.response", "fields": {"deleted": false, "record": 226, "nurse": 4, "reply_text": "OK ka. \u0e25\u0e2d\u0e07\u0e25\u0e14 Lasix \u0e25\u0e07 \u0e1e\u0e23\u0e38\u0e48\u0e07\u0e19\u0e35\u0e49\u0e14\u0e39\u0e27\u0e48\u0e32\u0e19\u0e49\u0e33\u0e2b\u0e19\u0e31\u0e01\u0e02\u0e36\u0e49\u0e19\u0e44\u0e2b\u0e21 \u0e16\u0e49\u0e32\u0e22\u0e31\u0e07\u0e2d\u0e22\u0e39\u0e48\u0e17\u0e35\u0e48 45-46 kgs. \u0e01\u0e47 OK|\u0e41\u0e15\u0e48\u0e16\u0e49\u0e32\u0e04\u0e38\u0e13\u0e1e\u0e48\u0e2d\u0e23\u0e39\u0e49\u0e2a\u0e36\u0e01\u0e2d\u0e36\u0e14\u0e2d\u0e31\u0e14\u0e27\u0e31\u0e19\u0e44\u0e2b\u0e19\u0e01\u0e47\u0e17\u0e32\u0e19 Lasix 500 mg \u0e40\u0e1b\u0e47\u0e19 0.5 \u0e40\u0e21\u0e47\u0e14\u0e44\u0e14\u0e49|\u0e40\u0e23\u0e37\u0e48\u0e2d\u0e07\u0e19\u0e49\u0e33\u0e15\u0e32\u0e25\u0e02\u0e36\u0e49\u0e19 \u0e1e\u0e22\u0e32\u0e22\u0e32\u0e21\u0e25\u0e14\u0e41\u0e1b\u0e49\u0e07 Ok \u0e04\u0e48\u0e30 \u0e04\u0e38\u0e13\u0e44\u0e21\u0e25\u0e4c\u0e17\u0e33\u0e44\u0e14\u0e49\r\n", "timestamp": "2013-02-27T08:33:15Z"}}, {"pk": 104, "model": "frontend.response", "fields": {"deleted": false, "record": 227, "nurse": 4, "reply_text": "\u0e14\u0e35\u0e08\u0e31\u0e07\u0e40\u0e25\u0e22\u0e04\u0e48\u0e30 \u0e1b\u0e0f\u0e34\u0e1a\u0e31\u0e15\u0e34\u0e15\u0e31\u0e27\u0e44\u0e14\u0e49\u0e14\u0e35\u0e21\u0e32\u0e01 \u0e19\u0e49\u0e33\u0e2b\u0e19\u0e31\u0e01\u0e04\u0e07\u0e17\u0e35\u0e48|\u0e2b\u0e25\u0e35\u0e01\u0e40\u0e25\u0e35\u0e48\u0e22\u0e07\u0e01\u0e32\u0e23\u0e23\u0e31\u0e1a\u0e1b\u0e23\u0e30\u0e17\u0e32\u0e19\u0e2d\u0e32\u0e2b\u0e32\u0e23\u0e17\u0e35\u0e48\u0e21\u0e35\u0e23\u0e2a\u0e08\u0e31\u0e14\u0e21\u0e32\u0e01\u0e19\u0e30\u0e04\u0e30 \u0e08\u0e30\u0e44\u0e14\u0e49\u0e44\u0e21\u0e48\u0e23\u0e30\u0e04\u0e32\u0e22\u0e40\u0e04\u0e37\u0e2d\u0e07\u0e01\u0e23\u0e30\u0e40\u0e1e\u0e32\u0e30\u0e2d\u0e32\u0e2b\u0e32\u0e23|", "timestamp": "2013-02-28T10:17:07Z"}}, {"pk": 105, "model": "frontend.response", "fields": {"deleted": false, "record": 228, "nurse": 4, "reply_text": "OK ka.||", "timestamp": "2013-02-28T10:17:25Z"}}, {"pk": 106, "model": "frontend.response", "fields": {"deleted": false, "record": 229, "nurse": 4, "reply_text": "Good weight ka. ||", "timestamp": "2013-02-28T10:17:42Z"}}, {"pk": 107, "model": "frontend.response", "fields": {"deleted": false, "record": 230, "nurse": 4, "reply_text": "ok ka. \u0e22\u0e31\u0e07\u0e21\u0e35\u0e2d\u0e32\u0e01\u0e32\u0e23\u0e04\u0e25\u0e37\u0e48\u0e19\u0e44\u0e2a\u0e49\u0e2d\u0e22\u0e39\u0e48\u0e44\u0e2b\u0e21\u0e04\u0e30|\u0e1b\u0e31\u0e0d\u0e2b\u0e32\u0e40\u0e23\u0e37\u0e48\u0e2d\u0e07\u0e44\u0e15 \u0e23\u0e2d\u0e40\u0e08\u0e32\u0e30\u0e40\u0e25\u0e37\u0e2d\u0e14\u0e01\u0e48\u0e2d\u0e19\u0e21\u0e32\u0e15\u0e23\u0e27\u0e08\u0e04\u0e23\u0e31\u0e49\u0e07\u0e2b\u0e19\u0e49\u0e32\u0e41\u0e25\u0e30\u0e1b\u0e23\u0e36\u0e01\u0e29\u0e32\u0e2d.\u0e28\u0e23\u0e34\u0e0d\u0e0d\u0e32\u0e2d\u0e35\u0e01\u0e04\u0e23\u0e31\u0e49\u0e07\u0e04\u0e48\u0e30|", "timestamp": "2013-03-01T09:45:14Z"}}, {"pk": 108, "model": "frontend.response", "fields": {"deleted": false, "record": 231, "nurse": 4, "reply_text": "\u0e40\u0e22\u0e35\u0e48\u0e22\u0e21\u0e04\u0e48\u0e30 \u0e25\u0e14\u0e02\u0e19\u0e32\u0e14\u0e22\u0e32 Lasix \u0e44\u0e14\u0e49\u0e15\u0e34\u0e14\u0e15\u0e48\u0e2d\u0e01\u0e31\u0e19 \u0e2d\u0e32\u0e01\u0e32\u0e23\u0e04\u0e07\u0e17\u0e35\u0e48\u0e19\u0e30\u0e04\u0e30||", "timestamp": "2013-03-01T09:46:18Z"}}, {"pk": 109, "model": "frontend.response", "fields": {"deleted": false, "record": 232, "nurse": 4, "reply_text": "\u0e19\u0e49\u0e33\u0e2b\u0e19\u0e31\u0e01\u0e04\u0e07\u0e17\u0e35\u0e48\u0e14\u0e35\u0e21\u0e32\u0e01\u0e04\u0e48\u0e30 \u0e04\u0e38\u0e21\u0e2d\u0e32\u0e2b\u0e32\u0e23\u0e44\u0e14\u0e49\u0e14\u0e35\u0e21\u0e32\u0e01\u0e40\u0e25\u0e22\u0e04\u0e48\u0e30||", "timestamp": "2013-03-01T09:46:51Z"}}, {"pk": 110, "model": "frontend.response", "fields": {"deleted": false, "record": 238, "nurse": 4, "reply_text": "OK ka.||", "timestamp": "2013-03-05T10:06:19Z"}}, {"pk": 111, "model": "frontend.response", "fields": {"deleted": false, "record": 239, "nurse": 4, "reply_text": "\u0e40\u0e23\u0e32\u0e17\u0e1a\u0e17\u0e27\u0e19\u0e02\u0e49\u0e2d\u0e21\u0e39\u0e25\u0e02\u0e2d\u0e07\u0e04\u0e38\u0e13\u0e41\u0e25\u0e49\u0e27\u0e02\u0e2d\u0e1a\u0e04\u0e38\u0e13\u0e04\u0e48\u0e30||", "timestamp": "2013-03-05T10:06:38Z"}}, {"pk": 112, "model": "frontend.response", "fields": {"deleted": false, "record": 240, "nurse": 4, "reply_text": "Good ka.||", "timestamp": "2013-03-05T10:06:51Z"}}, {"pk": 113, "model": "frontend.response", "fields": {"deleted": false, "record": 241, "nurse": 4, "reply_text": "\u0e40\u0e23\u0e32\u0e17\u0e1a\u0e17\u0e27\u0e19\u0e02\u0e49\u0e2d\u0e21\u0e39\u0e25\u0e02\u0e2d\u0e07\u0e04\u0e38\u0e13\u0e41\u0e25\u0e49\u0e27 \u0e02\u0e2d\u0e1a\u0e04\u0e38\u0e13\u0e04\u0e48\u0e30||", "timestamp": "2013-03-05T10:07:18Z"}}, {"pk": 114, "model": "frontend.response", "fields": {"deleted": false, "record": 242, "nurse": 4, "reply_text": "\u0e40\u0e23\u0e32\u0e17\u0e1a\u0e17\u0e27\u0e19\u0e02\u0e49\u0e2d\u0e21\u0e39\u0e25\u0e02\u0e2d\u0e07\u0e04\u0e38\u0e13\u0e41\u0e25\u0e49\u0e27 \u0e44\u0e21\u0e48\u0e1b\u0e23\u0e31\u0e1a\u0e22\u0e32 \u0e43\u0e2b\u0e49\u0e17\u0e32\u0e19\u0e40\u0e2b\u0e21\u0e37\u0e2d\u0e19\u0e40\u0e14\u0e34\u0e21 \u0e02\u0e2d\u0e1a\u0e04\u0e38\u0e13\u0e04\u0e48\u0e30||", "timestamp": "2013-03-05T10:07:38Z"}}, {"pk": 115, "model": "frontend.response", "fields": {"deleted": false, "record": 244, "nurse": 4, "reply_text": "\u0e40\u0e23\u0e32\u0e17\u0e1a\u0e17\u0e27\u0e19\u0e02\u0e49\u0e2d\u0e21\u0e39\u0e25\u0e02\u0e2d\u0e07\u0e04\u0e38\u0e13\u0e41\u0e25\u0e49\u0e27 \u0e02\u0e2d\u0e1a\u0e04\u0e38\u0e13\u0e04\u0e48\u0e30||", "timestamp": "2013-03-05T10:08:06Z"}}, {"pk": 116, "model": "frontend.response", "fields": {"deleted": false, "record": 245, "nurse": 4, "reply_text": "\u0e40\u0e23\u0e32\u0e17\u0e1a\u0e17\u0e27\u0e19\u0e02\u0e49\u0e2d\u0e21\u0e39\u0e25\u0e02\u0e2d\u0e07\u0e04\u0e38\u0e13\u0e41\u0e25\u0e49\u0e27 \u0e44\u0e21\u0e48\u0e1b\u0e23\u0e31\u0e1a\u0e22\u0e32 \u0e43\u0e2b\u0e49\u0e17\u0e32\u0e19\u0e40\u0e2b\u0e21\u0e37\u0e2d\u0e19\u0e40\u0e14\u0e34\u0e21 \u0e02\u0e2d\u0e1a\u0e04\u0e38\u0e13\u0e04\u0e48\u0e30||", "timestamp": "2013-03-05T10:08:19Z"}}, {"pk": 117, "model": "frontend.response", "fields": {"deleted": false, "record": 248, "nurse": 1, "reply_text": "\u0e40\u0e23\u0e32\u0e17\u0e1a\u0e17\u0e27\u0e19\u0e02\u0e49\u0e2d\u0e21\u0e39\u0e25\u0e02\u0e2d\u0e07\u0e04\u0e38\u0e13\u0e41\u0e25\u0e49\u0e27 \u0e44\u0e21\u0e48\u0e1b\u0e23\u0e31\u0e1a\u0e22\u0e32 \u0e43\u0e2b\u0e49\u0e17\u0e32\u0e19\u0e40\u0e2b\u0e21\u0e37\u0e2d\u0e19\u0e40\u0e14\u0e34\u0e21 \u0e02\u0e2d\u0e1a\u0e04\u0e38\u0e13\u0e04\u0e48\u0e30||", "timestamp": "2013-03-06T04:57:16Z"}}, {"pk": 118, "model": "frontend.response", "fields": {"deleted": false, "record": 246, "nurse": 4, "reply_text": "ok ka. \u0e44\u0e21\u0e48\u0e44\u0e14\u0e49\u0e17\u0e32\u0e19 Lasix \u0e41\u0e25\u0e30\u0e44\u0e21\u0e48\u0e21\u0e35\u0e2d\u0e32\u0e01\u0e32\u0e23\u0e19\u0e49\u0e33\u0e40\u0e01\u0e34\u0e19 \u0e40\u0e22\u0e35\u0e48\u0e22\u0e21\u0e04\u0e48\u0e30||", "timestamp": "2013-03-07T03:29:14Z"}}, {"pk": 119, "model": "frontend.response", "fields": {"deleted": false, "record": 247, "nurse": 4, "reply_text": "\u0e14\u0e35\u0e21\u0e32\u0e01\u0e04\u0e48\u0e30 \u0e25\u0e14 Lasix \u0e25\u0e07\u0e44\u0e14\u0e49 \u0e19\u0e49\u0e33\u0e2b\u0e19\u0e31\u0e01\u0e22\u0e31\u0e07\u0e14\u0e35\u0e2d\u0e22\u0e39\u0e48 ||", "timestamp": "2013-03-07T03:29:51Z"}}, {"pk": 120, "model": "frontend.response", "fields": {"deleted": false, "record": 249, "nurse": 4, "reply_text": "Good ka.||", "timestamp": "2013-03-07T03:30:10Z"}}, {"pk": 121, "model": "frontend.response", "fields": {"deleted": false, "record": 250, "nurse": 4, "reply_text": "BW and BP OK ka.|\u0e04\u0e38\u0e13\u0e41\u0e21\u0e48\u0e01\u0e31\u0e07\u0e27\u0e25\u0e40\u0e23\u0e37\u0e48\u0e2d\u0e07\u0e04\u0e48\u0e32\u0e01\u0e32\u0e23\u0e17\u0e33\u0e07\u0e32\u0e19\u0e02\u0e2d\u0e07\u0e44\u0e15\u0e44\u0e2b\u0e21\u0e04\u0e30 |\u0e27\u0e31\u0e19\u0e01\u0e48\u0e2d\u0e19\u0e21\u0e32 F/U 13 \u0e21\u0e35\u0e04. \u0e40\u0e08\u0e32\u0e30\u0e40\u0e25\u0e37\u0e2d\u0e14\u0e14\u0e39 BUN/Cr , Elyte , INR \u0e14\u0e39\u0e2d\u0e35\u0e01\u0e04\u0e23\u0e31\u0e49\u0e07\u0e19\u0e30\u0e04\u0e30", "timestamp": "2013-03-07T03:31:58Z"}}, {"pk": 122, "model": "frontend.response", "fields": {"deleted": false, "record": 251, "nurse": 4, "reply_text": "\u0e14\u0e35\u0e21\u0e32\u0e01\u0e04\u0e48\u0e30 \u0e04\u0e38\u0e13\u0e1e\u0e48\u0e2d complain \u0e2d\u0e30\u0e44\u0e23\u0e44\u0e2b\u0e21\u0e04\u0e30||", "timestamp": "2013-03-07T03:32:47Z"}}, {"pk": 123, "model": "frontend.response", "fields": {"deleted": false, "record": 252, "nurse": 4, "reply_text": "Good weight||", "timestamp": "2013-03-08T07:41:42Z"}}, {"pk": 124, "model": "frontend.response", "fields": {"deleted": false, "record": 253, "nurse": 4, "reply_text": "Good weight ka.||", "timestamp": "2013-03-08T07:42:32Z"}}, {"pk": 125, "model": "frontend.response", "fields": {"deleted": false, "record": 254, "nurse": 4, "reply_text": "Good weight ka.||", "timestamp": "2013-03-08T07:42:53Z"}}, {"pk": 126, "model": "frontend.response", "fields": {"deleted": false, "record": 255, "nurse": 4, "reply_text": "BW Ok, HR 85-86 \u0e44\u0e21\u0e48\u0e19\u0e48\u0e32\u0e21\u0e35\u0e1b\u0e31\u0e0d\u0e2b\u0e32\u0e2d\u0e30\u0e44\u0e23\u0e04\u0e48\u0e30 \u0e41\u0e15\u0e48\u0e43\u0e2b\u0e49\u0e2a\u0e31\u0e07\u0e40\u0e01\u0e15\u0e27\u0e48\u0e32\u0e40\u0e2b\u0e19\u0e37\u0e48\u0e2d\u0e22\u0e02\u0e36\u0e49\u0e19\u0e44\u0e2b\u0e21||", "timestamp": "2013-03-11T12:32:01Z"}}, {"pk": 127, "model": "frontend.response", "fields": {"deleted": false, "record": 256, "nurse": 4, "reply_text": "Good ka.||", "timestamp": "2013-03-11T12:32:19Z"}}, {"pk": 128, "model": "frontend.response", "fields": {"deleted": false, "record": 257, "nurse": 4, "reply_text": "\u0e40\u0e23\u0e32\u0e17\u0e1a\u0e17\u0e27\u0e19\u0e02\u0e49\u0e2d\u0e21\u0e39\u0e25\u0e02\u0e2d\u0e07\u0e04\u0e38\u0e13\u0e41\u0e25\u0e49\u0e27 \u0e44\u0e21\u0e48\u0e1b\u0e23\u0e31\u0e1a\u0e22\u0e32 \u0e43\u0e2b\u0e49\u0e17\u0e32\u0e19\u0e40\u0e2b\u0e21\u0e37\u0e2d\u0e19\u0e40\u0e14\u0e34\u0e21 \u0e02\u0e2d\u0e1a\u0e04\u0e38\u0e13\u0e04\u0e48\u0e30||", "timestamp": "2013-03-11T12:32:31Z"}}, {"pk": 129, "model": "frontend.response", "fields": {"deleted": false, "record": 258, "nurse": 4, "reply_text": "Good ka. ||", "timestamp": "2013-03-11T12:32:44Z"}}, {"pk": 130, "model": "frontend.response", "fields": {"deleted": false, "record": 259, "nurse": 4, "reply_text": "Very good ka. Follow/Up \u0e40\u0e21\u0e37\u0e48\u0e2d\u0e44\u0e2b\u0e23\u0e48\u0e19\u0e30\u0e04\u0e30||", "timestamp": "2013-03-11T12:33:21Z"}}, {"pk": 131, "model": "frontend.response", "fields": {"deleted": false, "record": 260, "nurse": 4, "reply_text": "Good ka. Follow 13 March \u0e43\u0e0a\u0e48\u0e44\u0e2b\u0e21\u0e04\u0e30 \u0e23\u0e2d\u0e25\u0e38\u0e49\u0e19\u0e04\u0e48\u0e32 BUN/Creatinine||", "timestamp": "2013-03-11T12:34:16Z"}}, {"pk": 132, "model": "frontend.response", "fields": {"deleted": false, "record": 261, "nurse": 4, "reply_text": "Good ka. See U tomorrow. ||", "timestamp": "2013-03-12T08:01:26Z"}}, {"pk": 133, "model": "frontend.response", "fields": {"deleted": false, "record": 262, "nurse": 4, "reply_text": "Good ka. See U tomorrow ka.||", "timestamp": "2013-03-12T08:03:31Z"}}, {"pk": 134, "model": "frontend.response", "fields": {"deleted": false, "record": 263, "nurse": 4, "reply_text": "Good weight ka.||", "timestamp": "2013-03-12T08:04:17Z"}}, {"pk": 135, "model": "frontend.response", "fields": {"deleted": false, "record": 264, "nurse": 4, "reply_text": "OK ka.||", "timestamp": "2013-03-13T04:44:59Z"}}, {"pk": 136, "model": "frontend.response", "fields": {"deleted": false, "record": 265, "nurse": 4, "reply_text": "1. \u0e44\u0e21\u0e48\u0e15\u0e49\u0e2d\u0e07\u0e23\u0e30\u0e1a\u0e38\u0e41\u0e1e\u0e17\u0e22\u0e4c\u0e44\u0e14\u0e49\u0e04\u0e48\u0e30 \u0e41\u0e1e\u0e17\u0e22\u0e4c\u0e40\u0e1a\u0e32\u0e2b\u0e27\u0e32\u0e19\u0e17\u0e35\u0e48\u0e08\u0e38\u0e2c\u0e32 OK \u0e17\u0e38\u0e01\u0e04\u0e19\u0e04\u0e48\u0e30|2. \u0e19\u0e49\u0e33\u0e2b\u0e19\u0e31\u0e01\u0e21\u0e35\u0e41\u0e19\u0e27\u0e42\u0e19\u0e49\u0e21\u0e25\u0e14\u0e25\u0e07\u0e19\u0e30\u0e04\u0e30 \u0e25\u0e14\u0e02\u0e19\u0e32\u0e14\u0e22\u0e32 Lasix \u0e04\u0e07\u0e44\u0e21\u0e48\u0e1a\u0e27\u0e21\u0e02\u0e36\u0e49\u0e19 \u0e14\u0e37\u0e48\u0e21\u0e19\u0e49\u0e33\u0e2a\u0e31\u0e01 1000 ml \u0e15\u0e48\u0e2d\u0e27\u0e31\u0e19\u0e44\u0e14\u0e49\u0e04\u0e48\u0e30|3. \u0e2d\u0e35\u0e01 1 week \u0e25\u0e2d\u0e07\u0e40\u0e08\u0e32\u0e30\u0e19\u0e49\u0e33\u0e15\u0e32\u0e25\u0e1b\u0e25\u0e32\u0e22\u0e19\u0e34\u0e49\u0e27\u0e17\u0e35\u0e48\u0e1a\u0e49\u0e32\u0e19\u0e14\u0e39\u0e19\u0e30\u0e04\u0e30 ", "timestamp": "2013-03-15T02:15:22Z"}}, {"pk": 137, "model": "frontend.response", "fields": {"deleted": false, "record": 266, "nurse": 4, "reply_text": "Good weight ka. |\u0e0a\u0e48\u0e27\u0e07\u0e19\u0e35\u0e49\u0e2d\u0e32\u0e01\u0e32\u0e28\u0e23\u0e49\u0e2d\u0e19 \u0e2d\u0e22\u0e48\u0e32\u0e2d\u0e2d\u0e01\u0e41\u0e14\u0e14\u0e08\u0e31\u0e14\u0e19\u0e30\u0e04\u0e30 \u0e40\u0e14\u0e35\u0e4b\u0e22\u0e27\u0e2b\u0e25\u0e2d\u0e14\u0e40\u0e25\u0e37\u0e2d\u0e14\u0e02\u0e22\u0e32\u0e22\u0e40\u0e22\u0e2d\u0e30 \u0e08\u0e30\u0e27\u0e39\u0e1a\u0e44\u0e14\u0e49|", "timestamp": "2013-03-15T02:16:16Z"}}, {"pk": 138, "model": "frontend.response", "fields": {"deleted": false, "record": 267, "nurse": 4, "reply_text": "Good weight.||", "timestamp": "2013-03-18T04:21:51Z"}}, {"pk": 139, "model": "frontend.response", "fields": {"deleted": false, "record": 268, "nurse": 4, "reply_text": "\u0e21\u0e35\u0e2d\u0e32\u0e01\u0e32\u0e23\u0e1c\u0e34\u0e14\u0e1b\u0e01\u0e15\u0e34\u0e2d\u0e30\u0e44\u0e23\u0e1a\u0e49\u0e32\u0e07\u0e44\u0e2b\u0e21\u0e04\u0e30 \u0e40\u0e0a\u0e48\u0e19 \u0e40\u0e2b\u0e19\u0e37\u0e48\u0e2d\u0e22\u0e02\u0e36\u0e49\u0e19 \u0e19\u0e2d\u0e19\u0e23\u0e32\u0e1a\u0e44\u0e21\u0e48\u0e44\u0e14\u0e49||", "timestamp": "2013-03-18T04:22:42Z"}}, {"pk": 140, "model": "frontend.response", "fields": {"deleted": false, "record": 269, "nurse": 4, "reply_text": "Good ka.||", "timestamp": "2013-03-18T04:23:05Z"}}, {"pk": 141, "model": "frontend.response", "fields": {"deleted": false, "record": 270, "nurse": 4, "reply_text": "OK ka. \u0e21\u0e35\u0e2d\u0e32\u0e01\u0e32\u0e23\u0e2d\u0e30\u0e44\u0e23\u0e1c\u0e34\u0e14\u0e1b\u0e01\u0e15\u0e34\u0e44\u0e2b\u0e21\u0e04\u0e30||", "timestamp": "2013-03-18T04:23:30Z"}}, {"pk": 142, "model": "frontend.response", "fields": {"deleted": false, "record": 271, "nurse": 4, "reply_text": "\u0e22\u0e2d\u0e14\u0e40\u0e22\u0e35\u0e48\u0e22\u0e21\u0e04\u0e48\u0e30 HR, BP \u0e40\u0e17\u0e48\u0e32\u0e44\u0e2b\u0e23\u0e48\u0e1a\u0e49\u0e32\u0e07\u0e04\u0e30\r\n\u0e21\u0e35\u0e27\u0e39\u0e1b\u0e44\u0e2b\u0e21 \u0e1e\u0e34\u0e21\u0e1e\u0e4c\u0e1a\u0e2d\u0e01\u0e21\u0e32\u0e44\u0e14\u0e49\u0e19\u0e30\u0e04\u0e30||", "timestamp": "2013-03-18T04:24:30Z"}}, {"pk": 143, "model": "frontend.response", "fields": {"deleted": false, "record": 272, "nurse": 4, "reply_text": "Good ka.||", "timestamp": "2013-03-19T09:24:05Z"}}, {"pk": 144, "model": "frontend.response", "fields": {"deleted": false, "record": 273, "nurse": 4, "reply_text": "OK ka.||", "timestamp": "2013-03-19T09:24:28Z"}}, {"pk": 145, "model": "frontend.response", "fields": {"deleted": false, "record": 274, "nurse": 4, "reply_text": "Good weight||", "timestamp": "2013-03-19T09:24:45Z"}}, {"pk": 146, "model": "frontend.response", "fields": {"deleted": false, "record": 275, "nurse": 4, "reply_text": "Good weight ka. ||", "timestamp": "2013-03-21T01:34:42Z"}}, {"pk": 147, "model": "frontend.response", "fields": {"deleted": false, "record": 276, "nurse": 4, "reply_text": "Good weight ka.||", "timestamp": "2013-03-21T01:36:23Z"}}, {"pk": 148, "model": "frontend.response", "fields": {"deleted": false, "record": 277, "nurse": 4, "reply_text": "OK ka.||", "timestamp": "2013-03-25T04:54:55Z"}}, {"pk": 149, "model": "frontend.response", "fields": {"deleted": false, "record": 278, "nurse": 4, "reply_text": "Thanks ka Khun jeab. \r\n\u0e44\u0e14\u0e49\u0e04\u0e48\u0e30 \u0e43\u0e2b\u0e49\u0e41\u0e1e\u0e17\u0e22\u0e4c\u0e17\u0e35\u0e48\u0e43\u0e2a\u0e48 AICD \u0e1b\u0e23\u0e30\u0e40\u0e21\u0e34\u0e19\u0e41\u0e1c\u0e25\u0e41\u0e25\u0e49\u0e27\u0e41\u0e1e\u0e17\u0e22\u0e4c\u0e08\u0e30\u0e2a\u0e31\u0e48\u0e07\u0e22\u0e32|Warfarin  \u0e43\u0e2b\u0e49\u0e02\u0e19\u0e32\u0e14\u0e40\u0e14\u0e34\u0e21\u0e04\u0e48\u0e30 \u0e17\u0e32\u0e19 3mg 1/2 \u0e40\u0e21\u0e47\u0e14\u0e01\u0e48\u0e2d\u0e19\u0e19\u0e2d\u0e19\u0e17\u0e38\u0e01\u0e27\u0e31\u0e19|\u0e40\u0e23\u0e32\u0e21\u0e35\u0e19\u0e31\u0e14\u0e15\u0e23\u0e27\u0e08\u0e17\u0e35\u0e48 HF clinic 15 \u0e1e\u0e04.56 \u0e19\u0e30\u0e04\u0e30", "timestamp": "2013-03-25T05:04:10Z"}}, {"pk": 150, "model": "frontend.response", "fields": {"deleted": false, "record": 279, "nurse": 4, "reply_text": "Stable \u0e14\u0e35\u0e04\u0e48\u0e30 \u0e2a\u0e31\u0e1b\u0e14\u0e32\u0e2b\u0e4c\u0e19\u0e35\u0e49\u0e40\u0e08\u0e32\u0e30 DTX \u0e2b\u0e23\u0e37\u0e2d\u0e22\u0e31\u0e07\u0e04\u0e30 \u0e19\u0e49\u0e33\u0e15\u0e32\u0e25\u0e25\u0e14\u0e44\u0e2b\u0e21||", "timestamp": "2013-03-25T05:05:01Z"}}, {"pk": 151, "model": "frontend.response", "fields": {"deleted": false, "record": 280, "nurse": 4, "reply_text": "\u0e22\u0e2d\u0e14\u0e40\u0e22\u0e35\u0e48\u0e22\u0e21\u0e21\u0e32\u0e01\u0e04\u0e48\u0e30 ||", "timestamp": "2013-03-25T05:08:27Z"}}, {"pk": 152, "model": "frontend.response", "fields": {"deleted": false, "record": 281, "nurse": 4, "reply_text": "\u0e16\u0e49\u0e32\u0e44\u0e21\u0e48\u0e16\u0e36\u0e07\u0e01\u0e31\u0e1a\u0e27\u0e39\u0e1a \u0e44\u0e21\u0e48\u0e40\u0e1b\u0e47\u0e19\u0e44\u0e23\u0e19\u0e30\u0e04\u0e30|\u0e41\u0e15\u0e48\u0e2b\u0e25\u0e31\u0e07\u0e17\u0e32\u0e19\u0e22\u0e32\u0e04\u0e38\u0e13\u0e1e\u0e48\u0e2d\u0e15\u0e49\u0e2d\u0e07\u0e19\u0e19\u0e2d\u0e19\u0e1e\u0e31\u0e01 \u0e44\u0e21\u0e48\u0e44\u0e1b\u0e01\u0e49\u0e21\u0e46\u0e40\u0e07\u0e22\u0e46 \u0e2b\u0e23\u0e37\u0e2d\u0e2d\u0e01\u0e41\u0e14\u0e14\u0e41\u0e08\u0e49\u0e07|", "timestamp": "2013-03-27T08:33:30Z"}}, {"pk": 153, "model": "frontend.response", "fields": {"deleted": false, "record": 282, "nurse": 4, "reply_text": "OK ka.||", "timestamp": "2013-03-27T08:33:45Z"}}, {"pk": 154, "model": "frontend.response", "fields": {"deleted": false, "record": 283, "nurse": 4, "reply_text": "\u0e44\u0e2b\u0e27\u0e44\u0e2b\u0e21\u0e04\u0e30 \u0e21\u0e35\u0e40\u0e14\u0e34\u0e19\u0e40\u0e0b\u0e14\u0e49\u0e27\u0e22\u0e40\u0e2b\u0e23\u0e2d\u0e04\u0e30 \u0e44\u0e21\u0e48\u0e43\u0e0a\u0e48\u0e2d\u0e48\u0e2d\u0e19\u0e41\u0e23\u0e07\u0e19\u0e30\u0e04\u0e30|\u0e22\u0e32\u0e1a\u0e33\u0e23\u0e38\u0e07\u0e40\u0e25\u0e37\u0e2d\u0e14\u0e0a\u0e37\u0e48\u0e2d\u0e2d\u0e30\u0e44\u0e23\u0e04\u0e30|", "timestamp": "2013-03-27T08:34:57Z"}}, {"pk": 155, "model": "frontend.response", "fields": {"deleted": false, "record": 284, "nurse": 4, "reply_text": "Good job ka.||", "timestamp": "2013-03-27T08:38:54Z"}}, {"pk": 156, "model": "frontend.response", "fields": {"deleted": false, "record": 285, "nurse": 4, "reply_text": "OK ka.||", "timestamp": "2013-03-27T08:39:48Z"}}, {"pk": 157, "model": "frontend.response", "fields": {"deleted": false, "record": 286, "nurse": 4, "reply_text": "\u0e1e\u0e34\u0e21\u0e1e\u0e4c\u0e1c\u0e25\u0e40\u0e25\u0e37\u0e2d\u0e14\u0e25\u0e07\u0e21\u0e32\u0e44\u0e14\u0e49\u0e44\u0e2b\u0e21\u0e04\u0e30||", "timestamp": "2013-03-27T08:41:41Z"}}, {"pk": 158, "model": "frontend.response", "fields": {"deleted": false, "record": 287, "nurse": 4, "reply_text": "\u0e2a\u0e31\u0e07\u0e40\u0e01\u0e15\u0e1a\u0e23\u0e34\u0e40\u0e27\u0e13\u0e41\u0e1c\u0e25\u0e14\u0e49\u0e27\u0e22\u0e19\u0e30\u0e04\u0e30 \u0e27\u0e48\u0e32\u0e21\u0e35\u0e08\u0e49\u0e33\u0e0a\u0e49\u0e33\u0e02\u0e36\u0e49\u0e19\u0e44\u0e2b\u0e21 \u0e2b\u0e25\u0e31\u0e07\u0e17\u0e32\u0e19\u0e27\u0e2d\u0e23\u0e4c\u0e1f\u0e32\u0e23\u0e34\u0e19|BW, BP \u0e14\u0e35\u0e19\u0e30\u0e04\u0e30|", "timestamp": "2013-03-28T01:48:56Z"}}, {"pk": 159, "model": "frontend.response", "fields": {"deleted": false, "record": 288, "nurse": 4, "reply_text": "Good morning ka. \r\nStable BW ka. Good||", "timestamp": "2013-03-28T01:49:52Z"}}, {"pk": 160, "model": "frontend.response", "fields": {"deleted": false, "record": 289, "nurse": 4, "reply_text": "\u0e40\u0e23\u0e32\u0e17\u0e1a\u0e17\u0e27\u0e19\u0e02\u0e49\u0e2d\u0e21\u0e39\u0e25\u0e02\u0e2d\u0e07\u0e04\u0e38\u0e13\u0e41\u0e25\u0e49\u0e27 \u0e44\u0e21\u0e48\u0e1b\u0e23\u0e31\u0e1a\u0e22\u0e32 \u0e43\u0e2b\u0e49\u0e17\u0e32\u0e19\u0e40\u0e2b\u0e21\u0e37\u0e2d\u0e19\u0e40\u0e14\u0e34\u0e21 \u0e02\u0e2d\u0e1a\u0e04\u0e38\u0e13\u0e04\u0e48\u0e30||", "timestamp": "2013-04-01T06:27:11Z"}}, {"pk": 161, "model": "frontend.response", "fields": {"deleted": false, "record": 290, "nurse": 4, "reply_text": "\u0e40\u0e23\u0e32\u0e17\u0e1a\u0e17\u0e27\u0e19\u0e02\u0e49\u0e2d\u0e21\u0e39\u0e25\u0e02\u0e2d\u0e07\u0e04\u0e38\u0e13\u0e41\u0e25\u0e49\u0e27 \u0e44\u0e21\u0e48\u0e1b\u0e23\u0e31\u0e1a\u0e22\u0e32 \u0e43\u0e2b\u0e49\u0e17\u0e32\u0e19\u0e40\u0e2b\u0e21\u0e37\u0e2d\u0e19\u0e40\u0e14\u0e34\u0e21 \u0e02\u0e2d\u0e1a\u0e04\u0e38\u0e13\u0e04\u0e48\u0e30||", "timestamp": "2013-04-01T06:27:27Z"}}, {"pk": 162, "model": "frontend.response", "fields": {"deleted": false, "record": 291, "nurse": 4, "reply_text": "OK ka.||", "timestamp": "2013-04-01T06:27:51Z"}}, {"pk": 163, "model": "frontend.response", "fields": {"deleted": false, "record": 292, "nurse": 4, "reply_text": "Good weight||", "timestamp": "2013-04-01T06:28:05Z"}}, {"pk": 164, "model": "frontend.response", "fields": {"deleted": false, "record": 293, "nurse": 4, "reply_text": "Good ka.||", "timestamp": "2013-04-01T06:28:24Z"}}, {"pk": 165, "model": "frontend.response", "fields": {"deleted": false, "record": 294, "nurse": 4, "reply_text": "OK ka.||", "timestamp": "2013-04-01T06:28:51Z"}}, {"pk": 166, "model": "frontend.response", "fields": {"deleted": false, "record": 295, "nurse": 4, "reply_text": "OK ka.||", "timestamp": "2013-04-01T06:29:15Z"}}, {"pk": 167, "model": "frontend.response", "fields": {"deleted": false, "record": 296, "nurse": 4, "reply_text": "\u0e17\u0e32\u0e19\u0e22\u0e32\u0e1a\u0e33\u0e23\u0e38\u0e07\u0e40\u0e25\u0e37\u0e2d\u0e14\u0e44\u0e2b\u0e21\u0e04\u0e30||", "timestamp": "2013-04-01T06:29:43Z"}}, {"pk": 170, "model": "frontend.response", "fields": {"deleted": false, "record": 300, "nurse": 4, "reply_text": "Good ka. Cheer!||", "timestamp": "2013-04-02T10:30:02Z"}}, {"pk": 171, "model": "frontend.response", "fields": {"deleted": false, "record": 301, "nurse": 4, "reply_text": "\u0e2d\u0e32\u0e01\u0e32\u0e23\u0e21\u0e36\u0e19\u0e46 \u0e14\u0e35\u0e02\u0e36\u0e49\u0e19\u0e44\u0e2b\u0e21\u0e04\u0e30|BW \u0e22\u0e31\u0e07\u0e2d\u0e22\u0e39\u0e48 Good weight \u0e14\u0e35\u0e40\u0e22\u0e35\u0e48\u0e22\u0e21\u0e04\u0e48\u0e30|", "timestamp": "2013-04-02T10:31:04Z"}}, {"pk": 172, "model": "frontend.response", "fields": {"deleted": false, "record": 302, "nurse": 4, "reply_text": "BW \u0e04\u0e07\u0e17\u0e35\u0e48\u0e15\u0e25\u0e2d\u0e14\u0e40\u0e25\u0e22 \u0e14\u0e35\u0e21\u0e32\u0e01\u0e04\u0e48\u0e30\r\n\u0e0a\u0e48\u0e27\u0e07\u0e19\u0e35\u0e49\u0e2d\u0e32\u0e01\u0e32\u0e28\u0e23\u0e49\u0e2d\u0e19\u0e21\u0e35\u0e40\u0e2b\u0e19\u0e37\u0e48\u0e2d\u0e22\u0e07\u0e48\u0e32\u0e22\u0e44\u0e2b\u0e21\u0e04\u0e30|\u0e2d\u0e22\u0e48\u0e32\u0e2d\u0e2d\u0e01\u0e41\u0e14\u0e14\u0e08\u0e31\u0e14\u0e19\u0e30\u0e04\u0e30 \u0e23\u0e30\u0e27\u0e31\u0e07\u0e08\u0e30\u0e27\u0e39\u0e1a\u0e44\u0e14\u0e49\u0e07\u0e48\u0e32\u0e22|", "timestamp": "2013-04-04T01:59:16Z"}}, {"pk": 173, "model": "frontend.response", "fields": {"deleted": false, "record": 303, "nurse": 4, "reply_text": "Good weight ||", "timestamp": "2013-04-09T07:35:44Z"}}, {"pk": 174, "model": "frontend.response", "fields": {"deleted": false, "record": 304, "nurse": 4, "reply_text": "\u0e40\u0e23\u0e32\u0e17\u0e1a\u0e17\u0e27\u0e19\u0e02\u0e49\u0e2d\u0e21\u0e39\u0e25\u0e02\u0e2d\u0e07\u0e04\u0e38\u0e13\u0e41\u0e25\u0e49\u0e27 \u0e44\u0e21\u0e48\u0e1b\u0e23\u0e31\u0e1a\u0e22\u0e32 \u0e43\u0e2b\u0e49\u0e17\u0e32\u0e19\u0e40\u0e2b\u0e21\u0e37\u0e2d\u0e19\u0e40\u0e14\u0e34\u0e21 \u0e02\u0e2d\u0e1a\u0e04\u0e38\u0e13\u0e04\u0e48\u0e30||", "timestamp": "2013-04-09T07:35:57Z"}}, {"pk": 175, "model": "frontend.response", "fields": {"deleted": false, "record": 305, "nurse": 4, "reply_text": "\u0e40\u0e23\u0e32\u0e17\u0e1a\u0e17\u0e27\u0e19\u0e02\u0e49\u0e2d\u0e21\u0e39\u0e25\u0e02\u0e2d\u0e07\u0e04\u0e38\u0e13\u0e41\u0e25\u0e49\u0e27 \u0e44\u0e21\u0e48\u0e1b\u0e23\u0e31\u0e1a\u0e22\u0e32 \u0e43\u0e2b\u0e49\u0e17\u0e32\u0e19\u0e40\u0e2b\u0e21\u0e37\u0e2d\u0e19\u0e40\u0e14\u0e34\u0e21 \u0e02\u0e2d\u0e1a\u0e04\u0e38\u0e13\u0e04\u0e48\u0e30||", "timestamp": "2013-04-09T07:36:09Z"}}, {"pk": 176, "model": "frontend.response", "fields": {"deleted": false, "record": 306, "nurse": 4, "reply_text": "Good weight ka. 48-49.5 kgs.||", "timestamp": "2013-04-09T07:36:58Z"}}, {"pk": 177, "model": "frontend.response", "fields": {"deleted": false, "record": 307, "nurse": 4, "reply_text": "\u0e40\u0e23\u0e32\u0e17\u0e1a\u0e17\u0e27\u0e19\u0e02\u0e49\u0e2d\u0e21\u0e39\u0e25\u0e02\u0e2d\u0e07\u0e04\u0e38\u0e13\u0e41\u0e25\u0e49\u0e27 \u0e44\u0e21\u0e48\u0e1b\u0e23\u0e31\u0e1a\u0e22\u0e32 \u0e43\u0e2b\u0e49\u0e17\u0e32\u0e19\u0e40\u0e2b\u0e21\u0e37\u0e2d\u0e19\u0e40\u0e14\u0e34\u0e21 \u0e02\u0e2d\u0e1a\u0e04\u0e38\u0e13\u0e04\u0e48\u0e30||", "timestamp": "2013-04-12T14:03:54Z"}}, {"pk": 178, "model": "frontend.response", "fields": {"deleted": false, "record": 308, "nurse": 4, "reply_text": "Stable ka. Good||", "timestamp": "2013-04-12T14:04:52Z"}}, {"pk": 179, "model": "frontend.response", "fields": {"deleted": false, "record": 309, "nurse": 4, "reply_text": "\u0e44\u0e21\u0e48\u0e40\u0e1b\u0e47\u0e19\u0e44\u0e23\u0e04\u0e48\u0e30 \u0e1c\u0e25 Blood sugar \u0e02\u0e36\u0e49\u0e19\u0e46\u0e25\u0e07\u0e46\u0e44\u0e14\u0e49 \u0e15\u0e32\u0e21\u0e2d\u0e32\u0e2b\u0e32\u0e23|\u0e44\u0e27\u0e49\u0e04\u0e48\u0e2d\u0e22\u0e14\u0e39\u0e04\u0e48\u0e32\u0e19\u0e49\u0e33\u0e15\u0e32\u0e25\u0e2a\u0e30\u0e2a\u0e21\u0e17\u0e35\u0e48\u0e40\u0e23\u0e35\u0e22\u0e01\u0e27\u0e48\u0e32 HbA1C \u0e08\u0e30\u0e40\u0e1b\u0e47\u0e19\u0e15\u0e31\u0e27\u0e1a\u0e2d\u0e01\u0e27\u0e48\u0e48\u0e32 \u0e04\u0e38\u0e21\u0e44\u0e14\u0e49\u0e14\u0e35\u0e2b\u0e23\u0e37\u0e2d\u0e44\u0e21\u0e48|F/U \u0e04\u0e23\u0e31\u0e49\u0e07\u0e2b\u0e19\u0e49\u0e32\u0e04\u0e48\u0e2d\u0e22\u0e40\u0e08\u0e32\u0e30 HbA1C \u0e08\u0e30\u0e40\u0e08\u0e32\u0e30\u0e17\u0e38\u0e01 3 \u0e40\u0e14\u0e37\u0e2d\u0e19", "timestamp": "2013-04-12T14:08:11Z"}}, {"pk": 180, "model": "frontend.response", "fields": {"deleted": false, "record": 310, "nurse": 4, "reply_text": "Good ka.||", "timestamp": "2013-04-12T14:08:45Z"}}, {"pk": 181, "model": "frontend.response", "fields": {"deleted": false, "record": 311, "nurse": 4, "reply_text": "Ok ka. Happy for Songkarn day naka.||", "timestamp": "2013-04-14T02:05:47Z"}}, {"pk": 182, "model": "frontend.response", "fields": {"deleted": false, "record": 312, "nurse": 4, "reply_text": "BW stable ka. (71-72 kgs.)||", "timestamp": "2013-04-14T02:06:31Z"}}, {"pk": 183, "model": "frontend.response", "fields": {"deleted": false, "record": 313, "nurse": 4, "reply_text": "\u0e40\u0e23\u0e32\u0e17\u0e1a\u0e17\u0e27\u0e19\u0e02\u0e49\u0e2d\u0e21\u0e39\u0e25\u0e02\u0e2d\u0e07\u0e04\u0e38\u0e13\u0e41\u0e25\u0e49\u0e27 \u0e44\u0e21\u0e48\u0e1b\u0e23\u0e31\u0e1a\u0e22\u0e32 \u0e43\u0e2b\u0e49\u0e17\u0e32\u0e19\u0e40\u0e2b\u0e21\u0e37\u0e2d\u0e19\u0e40\u0e14\u0e34\u0e21 \u0e02\u0e2d\u0e1a\u0e04\u0e38\u0e13\u0e04\u0e48\u0e30||", "timestamp": "2013-04-15T11:19:35Z"}}, {"pk": 184, "model": "frontend.response", "fields": {"deleted": false, "record": 314, "nurse": 4, "reply_text": "\u0e40\u0e23\u0e32\u0e17\u0e1a\u0e17\u0e27\u0e19\u0e02\u0e49\u0e2d\u0e21\u0e39\u0e25\u0e02\u0e2d\u0e07\u0e04\u0e38\u0e13\u0e41\u0e25\u0e49\u0e27 \u0e44\u0e21\u0e48\u0e1b\u0e23\u0e31\u0e1a\u0e22\u0e32 \u0e43\u0e2b\u0e49\u0e17\u0e32\u0e19\u0e40\u0e2b\u0e21\u0e37\u0e2d\u0e19\u0e40\u0e14\u0e34\u0e21 \u0e02\u0e2d\u0e1a\u0e04\u0e38\u0e13\u0e04\u0e48\u0e30||", "timestamp": "2013-04-15T11:20:24Z"}}, {"pk": 185, "model": "frontend.response", "fields": {"deleted": false, "record": 315, "nurse": 4, "reply_text": "\u0e19\u0e49\u0e4d\u0e32\u0e2b\u0e19\u0e31\u0e01\u0e25\u0e14\u0e25\u0e07\u0e19\u0e30\u0e04\u0e30 \u0e17\u0e32\u0e19\u0e02\u0e49\u0e32\u0e27\u0e44\u0e14\u0e49\u0e1b\u0e48\u0e32\u0e27\u0e04\u0e30||", "timestamp": "2013-04-17T05:53:45Z"}}, {"pk": 186, "model": "frontend.response", "fields": {"deleted": false, "record": 316, "nurse": 4, "reply_text": "\u0e04\u0e38\u0e21\u0e19\u0e49\u0e33\u0e2b\u0e19\u0e31\u0e01\u0e44\u0e14\u0e49\u0e14\u0e35\u0e21\u0e32\u0e01\u0e04\u0e48\u0e30||", "timestamp": "2013-04-18T00:55:22Z"}}, {"pk": 187, "model": "frontend.response", "fields": {"deleted": false, "record": 317, "nurse": 4, "reply_text": "\u0e40\u0e23\u0e32\u0e17\u0e1a\u0e17\u0e27\u0e19\u0e02\u0e49\u0e2d\u0e21\u0e39\u0e25\u0e02\u0e2d\u0e07\u0e04\u0e38\u0e13\u0e41\u0e25\u0e49\u0e27 \u0e44\u0e21\u0e48\u0e1b\u0e23\u0e31\u0e1a\u0e22\u0e32 \u0e43\u0e2b\u0e49\u0e17\u0e32\u0e19\u0e40\u0e2b\u0e21\u0e37\u0e2d\u0e19\u0e40\u0e14\u0e34\u0e21 \u0e02\u0e2d\u0e1a\u0e04\u0e38\u0e13\u0e04\u0e48\u0e30||", "timestamp": "2013-04-19T05:42:45Z"}}, {"pk": 188, "model": "frontend.response", "fields": {"deleted": false, "record": 318, "nurse": 4, "reply_text": "\u0e2d\u0e32\u0e01\u0e32\u0e23\u0e04\u0e07\u0e17\u0e35\u0e48 \u0e14\u0e35\u0e21\u0e32\u0e01\u0e04\u0e48\u0e30||", "timestamp": "2013-04-19T05:43:33Z"}}, {"pk": 189, "model": "frontend.response", "fields": {"deleted": false, "record": 319, "nurse": 4, "reply_text": "Ok ka. ||", "timestamp": "2013-04-21T06:39:33Z"}}, {"pk": 190, "model": "frontend.response", "fields": {"deleted": false, "record": 320, "nurse": 4, "reply_text": "Good weight ka. 71-72 kgs.||", "timestamp": "2013-04-21T06:40:10Z"}}, {"pk": 29, "model": "frontend.drug", "fields": {"record": 104, "amount": "1.00", "name": "lasix", "size": 40}}, {"pk": 30, "model": "frontend.drug", "fields": {"record": 105, "amount": "0.00", "name": "lasix", "size": 40}}, {"pk": 31, "model": "frontend.drug", "fields": {"record": 106, "amount": "0.50", "name": "lasix", "size": 40}}, {"pk": 33, "model": "frontend.drug", "fields": {"record": 108, "amount": "0.50", "name": "lasix", "size": 500}}, {"pk": 40, "model": "frontend.drug", "fields": {"record": 118, "amount": "0.50", "name": "lasix", "size": 500}}, {"pk": 41, "model": "frontend.drug", "fields": {"record": 119, "amount": "0.50", "name": "lasix", "size": 500}}, {"pk": 42, "model": "frontend.drug", "fields": {"record": 120, "amount": "0.50", "name": "lasix", "size": 500}}, {"pk": 44, "model": "frontend.drug", "fields": {"record": 122, "amount": "2.00", "name": "lasix", "size": 40}}, {"pk": 45, "model": "frontend.drug", "fields": {"record": 123, "amount": "0.50", "name": "lasix", "size": 500}}, {"pk": 46, "model": "frontend.drug", "fields": {"record": 124, "amount": "0.50", "name": "lasix", "size": 500}}, {"pk": 47, "model": "frontend.drug", "fields": {"record": 125, "amount": "0.50", "name": "lasix", "size": 500}}, {"pk": 53, "model": "frontend.drug", "fields": {"record": 133, "amount": "0.50", "name": "lasix", "size": 500}}, {"pk": 60, "model": "frontend.drug", "fields": {"record": 140, "amount": "0.50", "name": "lasix", "size": 500}}, {"pk": 73, "model": "frontend.drug", "fields": {"record": 157, "amount": "0.50", "name": "lasix", "size": 500}}, {"pk": 74, "model": "frontend.drug", "fields": {"record": 160, "amount": "0.50", "name": "lasix", "size": 500}}, {"pk": 75, "model": "frontend.drug", "fields": {"record": 161, "amount": "0.50", "name": "lasix", "size": 500}}, {"pk": 102, "model": "frontend.drug", "fields": {"record": 188, "amount": "0.50", "name": "lasix", "size": 500}}, {"pk": 112, "model": "frontend.drug", "fields": {"record": 198, "amount": "0.00", "name": "lasix", "size": 40}}, {"pk": 113, "model": "frontend.drug", "fields": {"record": 199, "amount": "0.00", "name": "lasix", "size": 40}}, {"pk": 114, "model": "frontend.drug", "fields": {"record": 200, "amount": "0.00", "name": "lasix", "size": 40}}, {"pk": 115, "model": "frontend.drug", "fields": {"record": 201, "amount": "0.50", "name": "lasix", "size": 500}}, {"pk": 117, "model": "frontend.drug", "fields": {"record": 203, "amount": "0.00", "name": "lasix", "size": 40}}, {"pk": 118, "model": "frontend.drug", "fields": {"record": 204, "amount": "0.00", "name": "lasix", "size": 40}}, {"pk": 119, "model": "frontend.drug", "fields": {"record": 205, "amount": "0.50", "name": "lasix", "size": 500}}, {"pk": 120, "model": "frontend.drug", "fields": {"record": 206, "amount": "0.00", "name": "lasix", "size": 40}}, {"pk": 121, "model": "frontend.drug", "fields": {"record": 207, "amount": "0.50", "name": "lasix", "size": 500}}, {"pk": 122, "model": "frontend.drug", "fields": {"record": 208, "amount": "0.00", "name": "lasix", "size": 40}}, {"pk": 123, "model": "frontend.drug", "fields": {"record": 209, "amount": "0.00", "name": "lasix", "size": 40}}, {"pk": 124, "model": "frontend.drug", "fields": {"record": 210, "amount": "0.50", "name": "lasix", "size": 500}}, {"pk": 125, "model": "frontend.drug", "fields": {"record": 211, "amount": "0.00", "name": "lasix", "size": 40}}, {"pk": 127, "model": "frontend.drug", "fields": {"record": 213, "amount": "3.00", "name": "lasix", "size": 40}}, {"pk": 128, "model": "frontend.drug", "fields": {"record": 214, "amount": "0.50", "name": "lasix", "size": 500}}, {"pk": 129, "model": "frontend.drug", "fields": {"record": 215, "amount": "0.00", "name": "lasix", "size": 40}}, {"pk": 130, "model": "frontend.drug", "fields": {"record": 216, "amount": "0.00", "name": "lasix", "size": 40}}, {"pk": 131, "model": "frontend.drug", "fields": {"record": 217, "amount": "0.50", "name": "lasix", "size": 500}}, {"pk": 132, "model": "frontend.drug", "fields": {"record": 218, "amount": "0.00", "name": "lasix", "size": 40}}, {"pk": 133, "model": "frontend.drug", "fields": {"record": 219, "amount": "0.50", "name": "lasix", "size": 500}}, {"pk": 134, "model": "frontend.drug", "fields": {"record": 220, "amount": "0.00", "name": "lasix", "size": 40}}, {"pk": 135, "model": "frontend.drug", "fields": {"record": 221, "amount": "0.00", "name": "lasix", "size": 40}}, {"pk": 136, "model": "frontend.drug", "fields": {"record": 222, "amount": "0.50", "name": "lasix", "size": 500}}, {"pk": 137, "model": "frontend.drug", "fields": {"record": 223, "amount": "0.00", "name": "lasix", "size": 40}}, {"pk": 138, "model": "frontend.drug", "fields": {"record": 224, "amount": "0.50", "name": "lasix", "size": 500}}, {"pk": 139, "model": "frontend.drug", "fields": {"record": 225, "amount": "0.00", "name": "lasix", "size": 40}}, {"pk": 140, "model": "frontend.drug", "fields": {"record": 226, "amount": "0.25", "name": "lasix", "size": 500}}, {"pk": 141, "model": "frontend.drug", "fields": {"record": 227, "amount": "0.00", "name": "lasix", "size": 40}}, {"pk": 142, "model": "frontend.drug", "fields": {"record": 228, "amount": "0.00", "name": "lasix", "size": 40}}, {"pk": 143, "model": "frontend.drug", "fields": {"record": 229, "amount": "0.25", "name": "lasix", "size": 500}}, {"pk": 144, "model": "frontend.drug", "fields": {"record": 230, "amount": "0.00", "name": "lasix", "size": 40}}, {"pk": 145, "model": "frontend.drug", "fields": {"record": 231, "amount": "0.25", "name": "lasix", "size": 500}}, {"pk": 146, "model": "frontend.drug", "fields": {"record": 232, "amount": "0.00", "name": "lasix", "size": 40}}, {"pk": 152, "model": "frontend.drug", "fields": {"record": 238, "amount": "0.00", "name": "lasix", "size": 40}}, {"pk": 153, "model": "frontend.drug", "fields": {"record": 239, "amount": "0.00", "name": "lasix", "size": 40}}, {"pk": 154, "model": "frontend.drug", "fields": {"record": 240, "amount": "0.25", "name": "lasix", "size": 500}}, {"pk": 155, "model": "frontend.drug", "fields": {"record": 241, "amount": "0.00", "name": "lasix", "size": 40}}, {"pk": 156, "model": "frontend.drug", "fields": {"record": 242, "amount": "0.25", "name": "lasix", "size": 500}}, {"pk": 158, "model": "frontend.drug", "fields": {"record": 244, "amount": "0.00", "name": "lasix", "size": 40}}, {"pk": 159, "model": "frontend.drug", "fields": {"record": 245, "amount": "0.25", "name": "lasix", "size": 500}}, {"pk": 160, "model": "frontend.drug", "fields": {"record": 246, "amount": "0.00", "name": "lasix", "size": 40}}, {"pk": 161, "model": "frontend.drug", "fields": {"record": 247, "amount": "0.25", "name": "lasix", "size": 500}}, {"pk": 162, "model": "frontend.drug", "fields": {"record": 248, "amount": "2.00", "name": "lasix", "size": 40}}, {"pk": 163, "model": "frontend.drug", "fields": {"record": 249, "amount": "0.00", "name": "lasix", "size": 40}}, {"pk": 164, "model": "frontend.drug", "fields": {"record": 250, "amount": "0.00", "name": "lasix", "size": 40}}, {"pk": 165, "model": "frontend.drug", "fields": {"record": 251, "amount": "0.25", "name": "lasix", "size": 500}}, {"pk": 166, "model": "frontend.drug", "fields": {"record": 252, "amount": "0.00", "name": "lasix", "size": 40}}, {"pk": 167, "model": "frontend.drug", "fields": {"record": 253, "amount": "0.00", "name": "lasix", "size": 40}}, {"pk": 168, "model": "frontend.drug", "fields": {"record": 254, "amount": "0.25", "name": "lasix", "size": 500}}, {"pk": 169, "model": "frontend.drug", "fields": {"record": 255, "amount": "0.00", "name": "lasix", "size": 40}}, {"pk": 170, "model": "frontend.drug", "fields": {"record": 256, "amount": "0.00", "name": "lasix", "size": 40}}, {"pk": 171, "model": "frontend.drug", "fields": {"record": 257, "amount": "0.25", "name": "lasix", "size": 500}}, {"pk": 172, "model": "frontend.drug", "fields": {"record": 258, "amount": "0.00", "name": "lasix", "size": 40}}, {"pk": 173, "model": "frontend.drug", "fields": {"record": 259, "amount": "0.00", "name": "lasix", "size": 40}}, {"pk": 174, "model": "frontend.drug", "fields": {"record": 260, "amount": "0.25", "name": "lasix", "size": 500}}, {"pk": 175, "model": "frontend.drug", "fields": {"record": 261, "amount": "0.00", "name": "lasix", "size": 40}}, {"pk": 176, "model": "frontend.drug", "fields": {"record": 262, "amount": "0.25", "name": "lasix", "size": 500}}, {"pk": 177, "model": "frontend.drug", "fields": {"record": 263, "amount": "0.00", "name": "lasix", "size": 40}}, {"pk": 178, "model": "frontend.drug", "fields": {"record": 264, "amount": "0.00", "name": "lasix", "size": 40}}, {"pk": 179, "model": "frontend.drug", "fields": {"record": 265, "amount": "2.50", "name": "lasix", "size": 40}}, {"pk": 180, "model": "frontend.drug", "fields": {"record": 266, "amount": "0.00", "name": "lasix", "size": 40}}, {"pk": 181, "model": "frontend.drug", "fields": {"record": 267, "amount": "0.00", "name": "lasix", "size": 40}}, {"pk": 182, "model": "frontend.drug", "fields": {"record": 268, "amount": "2.50", "name": "lasix", "size": 40}}, {"pk": 183, "model": "frontend.drug", "fields": {"record": 269, "amount": "0.00", "name": "lasix", "size": 40}}, {"pk": 184, "model": "frontend.drug", "fields": {"record": 270, "amount": "2.50", "name": "lasix", "size": 40}}, {"pk": 185, "model": "frontend.drug", "fields": {"record": 271, "amount": "0.00", "name": "lasix", "size": 40}}, {"pk": 186, "model": "frontend.drug", "fields": {"record": 272, "amount": "2.50", "name": "lasix", "size": 40}}, {"pk": 187, "model": "frontend.drug", "fields": {"record": 273, "amount": "2.50", "name": "lasix", "size": 40}}, {"pk": 188, "model": "frontend.drug", "fields": {"record": 274, "amount": "0.00", "name": "lasix", "size": 40}}, {"pk": 189, "model": "frontend.drug", "fields": {"record": 275, "amount": "2.25", "name": "lasix", "size": 40}}, {"pk": 190, "model": "frontend.drug", "fields": {"record": 276, "amount": "0.00", "name": "lasix", "size": 40}}, {"pk": 191, "model": "frontend.drug", "fields": {"record": 277, "amount": "2.50", "name": "lasix", "size": 40}}, {"pk": 192, "model": "frontend.drug", "fields": {"record": 278, "amount": "0.00", "name": "lasix", "size": 40}}, {"pk": 193, "model": "frontend.drug", "fields": {"record": 279, "amount": "2.50", "name": "lasix", "size": 40}}, {"pk": 194, "model": "frontend.drug", "fields": {"record": 280, "amount": "0.00", "name": "lasix", "size": 40}}, {"pk": 195, "model": "frontend.drug", "fields": {"record": 281, "amount": "2.50", "name": "lasix", "size": 40}}, {"pk": 196, "model": "frontend.drug", "fields": {"record": 282, "amount": "0.00", "name": "lasix", "size": 40}}, {"pk": 197, "model": "frontend.drug", "fields": {"record": 283, "amount": "2.25", "name": "lasix", "size": 40}}, {"pk": 198, "model": "frontend.drug", "fields": {"record": 284, "amount": "0.00", "name": "lasix", "size": 40}}, {"pk": 199, "model": "frontend.drug", "fields": {"record": 285, "amount": "2.50", "name": "lasix", "size": 40}}, {"pk": 200, "model": "frontend.drug", "fields": {"record": 286, "amount": "0.00", "name": "lasix", "size": 40}}, {"pk": 201, "model": "frontend.drug", "fields": {"record": 287, "amount": "0.00", "name": "lasix", "size": 40}}, {"pk": 202, "model": "frontend.drug", "fields": {"record": 288, "amount": "0.00", "name": "lasix", "size": 40}}, {"pk": 203, "model": "frontend.drug", "fields": {"record": 289, "amount": "2.50", "name": "lasix", "size": 40}}, {"pk": 204, "model": "frontend.drug", "fields": {"record": 290, "amount": "2.50", "name": "lasix", "size": 40}}, {"pk": 205, "model": "frontend.drug", "fields": {"record": 291, "amount": "0.00", "name": "lasix", "size": 40}}, {"pk": 206, "model": "frontend.drug", "fields": {"record": 292, "amount": "0.00", "name": "lasix", "size": 40}}, {"pk": 207, "model": "frontend.drug", "fields": {"record": 293, "amount": "2.50", "name": "lasix", "size": 40}}, {"pk": 208, "model": "frontend.drug", "fields": {"record": 294, "amount": "0.00", "name": "lasix", "size": 40}}, {"pk": 209, "model": "frontend.drug", "fields": {"record": 295, "amount": "2.50", "name": "lasix", "size": 40}}, {"pk": 210, "model": "frontend.drug", "fields": {"record": 296, "amount": "2.50", "name": "lasix", "size": 40}}, {"pk": 214, "model": "frontend.drug", "fields": {"record": 300, "amount": "0.00", "name": "lasix", "size": 40}}, {"pk": 215, "model": "frontend.drug", "fields": {"record": 301, "amount": "2.50", "name": "lasix", "size": 40}}, {"pk": 216, "model": "frontend.drug", "fields": {"record": 302, "amount": "0.00", "name": "lasix", "size": 40}}, {"pk": 217, "model": "frontend.drug", "fields": {"record": 303, "amount": "0.00", "name": "lasix", "size": 40}}, {"pk": 218, "model": "frontend.drug", "fields": {"record": 304, "amount": "2.50", "name": "lasix", "size": 40}}, {"pk": 219, "model": "frontend.drug", "fields": {"record": 305, "amount": "2.50", "name": "lasix", "size": 40}}, {"pk": 220, "model": "frontend.drug", "fields": {"record": 306, "amount": "2.50", "name": "lasix", "size": 40}}, {"pk": 221, "model": "frontend.drug", "fields": {"record": 307, "amount": "2.50", "name": "lasix", "size": 40}}, {"pk": 222, "model": "frontend.drug", "fields": {"record": 308, "amount": "0.00", "name": "lasix", "size": 40}}, {"pk": 223, "model": "frontend.drug", "fields": {"record": 309, "amount": "2.50", "name": "lasix", "size": 40}}, {"pk": 224, "model": "frontend.drug", "fields": {"record": 310, "amount": "0.00", "name": "lasix", "size": 40}}, {"pk": 225, "model": "frontend.drug", "fields": {"record": 311, "amount": "0.00", "name": "lasix", "size": 40}}, {"pk": 226, "model": "frontend.drug", "fields": {"record": 312, "amount": "0.00", "name": "lasix", "size": 40}}, {"pk": 227, "model": "frontend.drug", "fields": {"record": 313, "amount": "2.50", "name": "lasix", "size": 40}}, {"pk": 228, "model": "frontend.drug", "fields": {"record": 314, "amount": "2.50", "name": "lasix", "size": 40}}, {"pk": 229, "model": "frontend.drug", "fields": {"record": 315, "amount": "0.00", "name": "lasix", "size": 40}}, {"pk": 230, "model": "frontend.drug", "fields": {"record": 316, "amount": "2.50", "name": "lasix", "size": 40}}, {"pk": 231, "model": "frontend.drug", "fields": {"record": 317, "amount": "2.50", "name": "lasix", "size": 40}}, {"pk": 232, "model": "frontend.drug", "fields": {"record": 318, "amount": "0.00", "name": "lasix", "size": 40}}, {"pk": 233, "model": "frontend.drug", "fields": {"record": 319, "amount": "0.00", "name": "lasix", "size": 40}}, {"pk": 234, "model": "frontend.drug", "fields": {"record": 320, "amount": "0.00", "name": "lasix", "size": 40}}, {"pk": 235, "model": "frontend.drug", "fields": {"record": 321, "amount": "2.50", "name": "lasix", "size": 40}}, {"pk": 236, "model": "frontend.drug", "fields": {"record": 322, "amount": "0.00", "name": "lasix", "size": 40}}, {"pk": 15, "model": "frontend.pressure", "fields": {"down": 58, "record": 104, "up": 101}}, {"pk": 16, "model": "frontend.pressure", "fields": {"down": 61, "record": 105, "up": 104}}, {"pk": 17, "model": "frontend.pressure", "fields": {"down": 92, "record": 108, "up": 136}}, {"pk": 19, "model": "frontend.pressure", "fields": {"down": 72, "record": 122, "up": 107}}, {"pk": 28, "model": "frontend.pressure", "fields": {"down": 51, "record": 204, "up": 100}}, {"pk": 29, "model": "frontend.pressure", "fields": {"down": 57, "record": 208, "up": 99}}, {"pk": 30, "model": "frontend.pressure", "fields": {"down": 61, "record": 215, "up": 118}}, {"pk": 31, "model": "frontend.pressure", "fields": {"down": 58, "record": 218, "up": 112}}, {"pk": 32, "model": "frontend.pressure", "fields": {"down": 48, "record": 230, "up": 90}}, {"pk": 33, "model": "frontend.pressure", "fields": {"down": 62, "record": 246, "up": 112}}, {"pk": 34, "model": "frontend.pressure", "fields": {"down": 56, "record": 250, "up": 107}}, {"pk": 35, "model": "frontend.pressure", "fields": {"down": 60, "record": 255, "up": 114}}, {"pk": 36, "model": "frontend.pressure", "fields": {"down": 62, "record": 261, "up": 122}}, {"pk": 37, "model": "frontend.pressure", "fields": {"down": 57, "record": 278, "up": 93}}, {"pk": 38, "model": "frontend.pressure", "fields": {"down": 58, "record": 283, "up": 97}}, {"pk": 39, "model": "frontend.pressure", "fields": {"down": 59, "record": 287, "up": 103}}, {"pk": 160, "model": "frontend.weight", "fields": {"record": 104, "weight": "68.0"}}, {"pk": 161, "model": "frontend.weight", "fields": {"record": 105, "weight": "52.0"}}, {"pk": 162, "model": "frontend.weight", "fields": {"record": 106, "weight": "50.8"}}, {"pk": 164, "model": "frontend.weight", "fields": {"record": 108, "weight": "71.8"}}, {"pk": 167, "model": "frontend.weight", "fields": {"record": 111, "weight": "56.0"}}, {"pk": 174, "model": "frontend.weight", "fields": {"record": 118, "weight": "48.7"}}, {"pk": 175, "model": "frontend.weight", "fields": {"record": 119, "weight": "49.1"}}, {"pk": 176, "model": "frontend.weight", "fields": {"record": 120, "weight": "49.4"}}, {"pk": 178, "model": "frontend.weight", "fields": {"record": 122, "weight": "71.1"}}, {"pk": 179, "model": "frontend.weight", "fields": {"record": 123, "weight": "47.7"}}, {"pk": 180, "model": "frontend.weight", "fields": {"record": 124, "weight": "47.1"}}, {"pk": 181, "model": "frontend.weight", "fields": {"record": 125, "weight": "47.1"}}, {"pk": 189, "model": "frontend.weight", "fields": {"record": 133, "weight": "48.0"}}, {"pk": 196, "model": "frontend.weight", "fields": {"record": 140, "weight": "49.4"}}, {"pk": 213, "model": "frontend.weight", "fields": {"record": 157, "weight": "48.8"}}, {"pk": 216, "model": "frontend.weight", "fields": {"record": 160, "weight": "48.4"}}, {"pk": 217, "model": "frontend.weight", "fields": {"record": 161, "weight": "47.8"}}, {"pk": 244, "model": "frontend.weight", "fields": {"record": 188, "weight": "47.0"}}, {"pk": 254, "model": "frontend.weight", "fields": {"record": 198, "weight": "73.0"}}, {"pk": 255, "model": "frontend.weight", "fields": {"record": 199, "weight": "73.0"}}, {"pk": 256, "model": "frontend.weight", "fields": {"record": 200, "weight": "74.0"}}, {"pk": 257, "model": "frontend.weight", "fields": {"record": 201, "weight": "46.6"}}, {"pk": 259, "model": "frontend.weight", "fields": {"record": 203, "weight": "74.0"}}, {"pk": 260, "model": "frontend.weight", "fields": {"record": 204, "weight": "52.5"}}, {"pk": 261, "model": "frontend.weight", "fields": {"record": 205, "weight": "47.2"}}, {"pk": 262, "model": "frontend.weight", "fields": {"record": 206, "weight": "73.0"}}, {"pk": 263, "model": "frontend.weight", "fields": {"record": 207, "weight": "46.6"}}, {"pk": 264, "model": "frontend.weight", "fields": {"record": 208, "weight": "52.0"}}, {"pk": 265, "model": "frontend.weight", "fields": {"record": 209, "weight": "73.0"}}, {"pk": 266, "model": "frontend.weight", "fields": {"record": 210, "weight": "47.2"}}, {"pk": 267, "model": "frontend.weight", "fields": {"record": 211, "weight": "72.0"}}, {"pk": 269, "model": "frontend.weight", "fields": {"record": 213, "weight": "82.7"}}, {"pk": 270, "model": "frontend.weight", "fields": {"record": 214, "weight": "46.7"}}, {"pk": 271, "model": "frontend.weight", "fields": {"record": 215, "weight": "50.8"}}, {"pk": 272, "model": "frontend.weight", "fields": {"record": 216, "weight": "73.0"}}, {"pk": 273, "model": "frontend.weight", "fields": {"record": 217, "weight": "46.4"}}, {"pk": 274, "model": "frontend.weight", "fields": {"record": 218, "weight": "51.3"}}, {"pk": 275, "model": "frontend.weight", "fields": {"record": 219, "weight": "45.9"}}, {"pk": 276, "model": "frontend.weight", "fields": {"record": 220, "weight": "72.0"}}, {"pk": 277, "model": "frontend.weight", "fields": {"record": 221, "weight": "73.0"}}, {"pk": 278, "model": "frontend.weight", "fields": {"record": 222, "weight": "46.4"}}, {"pk": 279, "model": "frontend.weight", "fields": {"record": 223, "weight": "73.0"}}, {"pk": 280, "model": "frontend.weight", "fields": {"record": 224, "weight": "46.0"}}, {"pk": 281, "model": "frontend.weight", "fields": {"record": 225, "weight": "73.0"}}, {"pk": 282, "model": "frontend.weight", "fields": {"record": 226, "weight": "45.8"}}, {"pk": 283, "model": "frontend.weight", "fields": {"record": 227, "weight": "73.0"}}, {"pk": 284, "model": "frontend.weight", "fields": {"record": 228, "weight": "73.0"}}, {"pk": 285, "model": "frontend.weight", "fields": {"record": 229, "weight": "46.1"}}, {"pk": 286, "model": "frontend.weight", "fields": {"record": 230, "weight": "52.2"}}, {"pk": 287, "model": "frontend.weight", "fields": {"record": 231, "weight": "46.1"}}, {"pk": 288, "model": "frontend.weight", "fields": {"record": 232, "weight": "72.0"}}, {"pk": 294, "model": "frontend.weight", "fields": {"record": 238, "weight": "72.5"}}, {"pk": 295, "model": "frontend.weight", "fields": {"record": 239, "weight": "72.0"}}, {"pk": 296, "model": "frontend.weight", "fields": {"record": 240, "weight": "46.4"}}, {"pk": 297, "model": "frontend.weight", "fields": {"record": 241, "weight": "72.0"}}, {"pk": 298, "model": "frontend.weight", "fields": {"record": 242, "weight": "46.6"}}, {"pk": 300, "model": "frontend.weight", "fields": {"record": 244, "weight": "72.0"}}, {"pk": 301, "model": "frontend.weight", "fields": {"record": 245, "weight": "46.6"}}, {"pk": 302, "model": "frontend.weight", "fields": {"record": 246, "weight": "51.8"}}, {"pk": 303, "model": "frontend.weight", "fields": {"record": 247, "weight": "46.7"}}, {"pk": 304, "model": "frontend.weight", "fields": {"record": 248, "weight": "125.0"}}, {"pk": 305, "model": "frontend.weight", "fields": {"record": 249, "weight": "72.0"}}, {"pk": 306, "model": "frontend.weight", "fields": {"record": 250, "weight": "51.4"}}, {"pk": 307, "model": "frontend.weight", "fields": {"record": 251, "weight": "46.3"}}, {"pk": 308, "model": "frontend.weight", "fields": {"record": 252, "weight": "72.0"}}, {"pk": 309, "model": "frontend.weight", "fields": {"record": 253, "weight": "72.5"}}, {"pk": 310, "model": "frontend.weight", "fields": {"record": 254, "weight": "46.7"}}, {"pk": 311, "model": "frontend.weight", "fields": {"record": 255, "weight": "51.4"}}, {"pk": 312, "model": "frontend.weight", "fields": {"record": 256, "weight": "72.0"}}, {"pk": 313, "model": "frontend.weight", "fields": {"record": 257, "weight": "46.6"}}, {"pk": 314, "model": "frontend.weight", "fields": {"record": 258, "weight": "72.5"}}, {"pk": 315, "model": "frontend.weight", "fields": {"record": 259, "weight": "72.0"}}, {"pk": 316, "model": "frontend.weight", "fields": {"record": 260, "weight": "45.9"}}, {"pk": 317, "model": "frontend.weight", "fields": {"record": 261, "weight": "52.4"}}, {"pk": 318, "model": "frontend.weight", "fields": {"record": 262, "weight": "45.8"}}, {"pk": 319, "model": "frontend.weight", "fields": {"record": 263, "weight": "72.0"}}, {"pk": 320, "model": "frontend.weight", "fields": {"record": 264, "weight": "72.5"}}, {"pk": 321, "model": "frontend.weight", "fields": {"record": 265, "weight": "45.7"}}, {"pk": 322, "model": "frontend.weight", "fields": {"record": 266, "weight": "72.0"}}, {"pk": 323, "model": "frontend.weight", "fields": {"record": 267, "weight": "72.0"}}, {"pk": 324, "model": "frontend.weight", "fields": {"record": 268, "weight": "46.2"}}, {"pk": 325, "model": "frontend.weight", "fields": {"record": 269, "weight": "72.0"}}, {"pk": 326, "model": "frontend.weight", "fields": {"record": 270, "weight": "46.2"}}, {"pk": 327, "model": "frontend.weight", "fields": {"record": 271, "weight": "72.0"}}, {"pk": 328, "model": "frontend.weight", "fields": {"record": 272, "weight": "46.8"}}, {"pk": 329, "model": "frontend.weight", "fields": {"record": 273, "weight": "47.0"}}, {"pk": 330, "model": "frontend.weight", "fields": {"record": 274, "weight": "72.0"}}, {"pk": 331, "model": "frontend.weight", "fields": {"record": 275, "weight": "46.7"}}, {"pk": 332, "model": "frontend.weight", "fields": {"record": 276, "weight": "72.0"}}, {"pk": 333, "model": "frontend.weight", "fields": {"record": 277, "weight": "47.1"}}, {"pk": 334, "model": "frontend.weight", "fields": {"record": 278, "weight": "51.6"}}, {"pk": 335, "model": "frontend.weight", "fields": {"record": 279, "weight": "47.4"}}, {"pk": 336, "model": "frontend.weight", "fields": {"record": 280, "weight": "72.0"}}, {"pk": 337, "model": "frontend.weight", "fields": {"record": 281, "weight": "46.7"}}, {"pk": 338, "model": "frontend.weight", "fields": {"record": 282, "weight": "73.0"}}, {"pk": 339, "model": "frontend.weight", "fields": {"record": 283, "weight": "46.9"}}, {"pk": 340, "model": "frontend.weight", "fields": {"record": 284, "weight": "72.0"}}, {"pk": 341, "model": "frontend.weight", "fields": {"record": 285, "weight": "46.6"}}, {"pk": 342, "model": "frontend.weight", "fields": {"record": 286, "weight": "72.0"}}, {"pk": 343, "model": "frontend.weight", "fields": {"record": 287, "weight": "51.3"}}, {"pk": 344, "model": "frontend.weight", "fields": {"record": 288, "weight": "72.5"}}, {"pk": 345, "model": "frontend.weight", "fields": {"record": 289, "weight": "47.6"}}, {"pk": 346, "model": "frontend.weight", "fields": {"record": 290, "weight": "48.0"}}, {"pk": 347, "model": "frontend.weight", "fields": {"record": 291, "weight": "72.0"}}, {"pk": 348, "model": "frontend.weight", "fields": {"record": 292, "weight": "72.0"}}, {"pk": 349, "model": "frontend.weight", "fields": {"record": 293, "weight": "48.0"}}, {"pk": 350, "model": "frontend.weight", "fields": {"record": 294, "weight": "72.0"}}, {"pk": 351, "model": "frontend.weight", "fields": {"record": 295, "weight": "47.5"}}, {"pk": 352, "model": "frontend.weight", "fields": {"record": 296, "weight": "47.3"}}, {"pk": 356, "model": "frontend.weight", "fields": {"record": 300, "weight": "72.0"}}, {"pk": 357, "model": "frontend.weight", "fields": {"record": 301, "weight": "48.0"}}, {"pk": 358, "model": "frontend.weight", "fields": {"record": 302, "weight": "72.0"}}, {"pk": 359, "model": "frontend.weight", "fields": {"record": 303, "weight": "72.0"}}, {"pk": 360, "model": "frontend.weight", "fields": {"record": 304, "weight": "48.6"}}, {"pk": 361, "model": "frontend.weight", "fields": {"record": 305, "weight": "48.9"}}, {"pk": 362, "model": "frontend.weight", "fields": {"record": 306, "weight": "49.0"}}, {"pk": 363, "model": "frontend.weight", "fields": {"record": 307, "weight": "49.5"}}, {"pk": 364, "model": "frontend.weight", "fields": {"record": 308, "weight": "72.0"}}, {"pk": 365, "model": "frontend.weight", "fields": {"record": 309, "weight": "49.9"}}, {"pk": 366, "model": "frontend.weight", "fields": {"record": 310, "weight": "72.0"}}, {"pk": 367, "model": "frontend.weight", "fields": {"record": 311, "weight": "71.0"}}, {"pk": 368, "model": "frontend.weight", "fields": {"record": 312, "weight": "72.0"}}, {"pk": 369, "model": "frontend.weight", "fields": {"record": 313, "weight": "49.0"}}, {"pk": 370, "model": "frontend.weight", "fields": {"record": 314, "weight": "49.2"}}, {"pk": 371, "model": "frontend.weight", "fields": {"record": 315, "weight": "70.0"}}, {"pk": 372, "model": "frontend.weight", "fields": {"record": 316, "weight": "49.1"}}, {"pk": 373, "model": "frontend.weight", "fields": {"record": 317, "weight": "49.2"}}, {"pk": 374, "model": "frontend.weight", "fields": {"record": 318, "weight": "72.0"}}, {"pk": 375, "model": "frontend.weight", "fields": {"record": 319, "weight": "71.0"}}, {"pk": 376, "model": "frontend.weight", "fields": {"record": 320, "weight": "72.0"}}, {"pk": 377, "model": "frontend.weight", "fields": {"record": 321, "weight": "49.6"}}, {"pk": 378, "model": "frontend.weight", "fields": {"record": 322, "weight": "72.0"}}, {"pk": 2, "model": "frontend.sign", "fields": {"record": 105, "sign": "\r\n\r\n\u0e19\u0e49\u0e33\u0e2b\u0e19\u0e31\u0e01\u0e04\u0e07\u0e17\u0e35\u0e48 \u0e44\u0e21\u0e48\u0e1a\u0e27\u0e21 \u0e44\u0e21\u0e48\u0e40\u0e2b\u0e19\u0e37\u0e48\u0e2d\u0e22 \u0e2d.\u0e07\u0e14\u0e22\u0e32\u0e02\u0e31\u0e1a\u0e1b\u0e31\u0e2a\u0e2a\u0e32\u0e27\u0e30 23/01/13\r\n\r\n\r\n"}}, {"pk": 3, "model": "frontend.sign", "fields": {"record": 118, "sign": "\u0e1b\u0e01\u0e15\u0e34"}}, {"pk": 4, "model": "frontend.sign", "fields": {"record": 119, "sign": "\u0e25\u0e32\u0e0b\u0e34\u0e01\u0e43\u0e0a\u0e49 3/4 \u0e40\u0e21\u0e47\u0e14 \u0e2d\u0e32\u0e01\u0e32\u0e23\u0e1b\u0e01\u0e15\u0e34"}}, {"pk": 5, "model": "frontend.sign", "fields": {"record": 120, "sign": "\u0e43\u0e0a\u0e49\u0e25\u0e32\u0e0b\u0e34\u0e01 3/4 \u0e40\u0e21\u0e47\u0e14"}}, {"pk": 6, "model": "frontend.sign", "fields": {"record": 124, "sign": "\u0e1b\u0e01\u0e15\u0e34"}}, {"pk": 7, "model": "frontend.sign", "fields": {"record": 125, "sign": "\u0e1b\u0e01\u0e15\u0e34"}}, {"pk": 8, "model": "frontend.sign", "fields": {"record": 133, "sign": "\u0e1b\u0e01\u0e15\u0e34\u0e04\u0e48\u0e30"}}, {"pk": 14, "model": "frontend.sign", "fields": {"record": 201, "sign": "\u0e1b\u0e01\u0e15\u0e34\u0e04\u0e48\u0e30"}}, {"pk": 15, "model": "frontend.sign", "fields": {"record": 204, "sign": "\u0e04\u0e27\u0e32\u0e21\u0e14\u0e31\u0e19\u0e15\u0e31\u0e27\u0e25\u0e48\u0e32\u0e07\u0e14\u0e39\u0e15\u0e48\u0e33\u0e44\u0e1b\u0e21\u0e31\u0e49\u0e22\u0e04\u0e30 \u0e41\u0e15\u0e48\u0e43\u0e0a\u0e49\u0e40\u0e04\u0e23\u0e37\u0e48\u0e2d\u0e07\u0e27\u0e31\u0e14\u0e40\u0e2d\u0e07\u0e08\u0e30\u0e1b\u0e23\u0e30\u0e21\u0e32\u0e13\u0e19\u0e35\u0e49 \u0e16\u0e49\u0e32\u0e44\u0e1b\u0e27\u0e31\u0e14\u0e23\u0e49\u0e32\u0e19\u0e2b\u0e21\u0e2d\u0e08\u0e30\u0e1b\u0e23\u0e30\u0e21\u0e32\u0e13 110 \u0e01\u0e27\u0e48\u0e32/70 \u0e01\u0e27\u0e48\u0e32"}}, {"pk": 16, "model": "frontend.sign", "fields": {"record": 208, "sign": "\u0e15\u0e2d\u0e19\u0e19\u0e35\u0e49\u0e40\u0e2b\u0e25\u0e37\u0e2d\u0e2d\u0e32\u0e01\u0e32\u0e23\u0e40\u0e1e\u0e25\u0e35\u0e22 \u0e40\u0e2a\u0e21\u0e2b\u0e30\u0e40\u0e22\u0e2d\u0e30 \u0e04\u0e25\u0e37\u0e48\u0e19\u0e44\u0e2a\u0e49 \u0e08\u0e32\u0e01\u0e2b\u0e27\u0e31\u0e14\u0e25\u0e07\u0e04\u0e2d \u0e2d\u0e32\u0e01\u0e32\u0e23\u0e2d\u0e37\u0e48\u0e19\u0e22\u0e31\u0e07\u0e42\u0e2d\u0e40\u0e04\u0e04\u0e48\u0e30 INR \u0e40\u0e08\u0e32\u0e30\u0e40\u0e25\u0e37\u0e2d\u0e14\u0e27\u0e31\u0e19\u0e19\u0e35\u0e49 2.74 "}}, {"pk": 18, "model": "frontend.sign", "fields": {"record": 213, "sign": "\u0e1e\u0e1a\u0e41\u0e1e\u0e17\u0e22\u0e4c"}}, {"pk": 19, "model": "frontend.sign", "fields": {"record": 215, "sign": "\u0e21\u0e35\u0e2d\u0e32\u0e01\u0e32\u0e23\u0e04\u0e25\u0e37\u0e48\u0e19\u0e44\u0e2a\u0e49\u0e15\u0e2d\u0e19\u0e17\u0e49\u0e2d\u0e07\u0e27\u0e48\u0e32\u0e07 \u0e41\u0e19\u0e30\u0e43\u0e2b\u0e49\u0e17\u0e32\u0e19\u0e2d\u0e32\u0e2b\u0e32\u0e23\u0e43\u0e2b\u0e49\u0e15\u0e23\u0e07\u0e40\u0e27\u0e25\u0e32 \u0e44\u0e21\u0e48\u0e1b\u0e25\u0e48\u0e2d\u0e22\u0e43\u0e2b\u0e49\u0e2b\u0e34\u0e27 \u0e2d\u0e32\u0e01\u0e32\u0e23\u0e2d\u0e37\u0e48\u0e19\u0e1b\u0e01\u0e15\u0e34"}}, {"pk": 20, "model": "frontend.sign", "fields": {"record": 218, "sign": "\u0e21\u0e35\u0e2d\u0e32\u0e01\u0e32\u0e23\u0e44\u0e2d\u0e21\u0e35\u0e40\u0e2a\u0e21\u0e2b\u0e30\u0e2a\u0e35\u0e40\u0e2b\u0e25\u0e37\u0e2d\u0e07 \u0e43\u0e2b\u0e49\u0e17\u0e32\u0e19\u0e22\u0e32\u0e41\u0e01\u0e49\u0e44\u0e2d\u0e1f\u0e25\u0e39\u0e2d\u0e34\u0e1f\u0e2d\u0e23\u0e4c\u0e17\u0e44\u0e14\u0e49\u0e21\u0e31\u0e49\u0e22\u0e04\u0e30 \u0e02\u0e2d\u0e1a\u0e04\u0e38\u0e13\u0e04\u0e48\u0e30"}}, {"pk": 21, "model": "frontend.sign", "fields": {"record": 222, "sign": "\u0e40\u0e1b\u0e47\u0e19\u0e15\u0e23\u0e30\u0e04\u0e23\u0e34\u0e27\u0e1a\u0e49\u0e32\u0e07\u0e04\u0e23\u0e31\u0e49\u0e07\u0e17\u0e35\u0e48\u0e02\u0e32 \u0e40\u0e27\u0e25\u0e32\u0e1b\u0e23\u0e30\u0e21\u0e32\u0e13\u0e15\u0e35 4"}}, {"pk": 22, "model": "frontend.sign", "fields": {"record": 226, "sign": "\u0e40\u0e08\u0e32\u0e30\u0e15\u0e23\u0e27\u0e08\u0e19\u0e49\u0e33\u0e15\u0e32\u0e25\u0e1b\u0e25\u0e32\u0e22\u0e19\u0e34\u0e49\u0e27\u0e19\u0e49\u0e33\u0e15\u0e32\u0e25\u0e02\u0e36\u0e49\u0e19\u0e04\u0e48\u0e30 \u0e2d\u0e32\u0e19\u0e04\u0e48\u0e32\u0e44\u0e14\u0e49 170 \u0e04\u0e48\u0e30 \u0e17\u0e32\u0e19\u0e02\u0e49\u0e32\u0e27\u0e40\u0e22\u0e2d\u0e30 \u0e43\u0e2b\u0e49\u0e25\u0e14\u0e41\u0e25\u0e49\u0e27\u0e04\u0e48\u0e30\r\n\r\n\r\n"}}, {"pk": 23, "model": "frontend.sign", "fields": {"record": 227, "sign": "\u0e2d\u0e32\u0e01\u0e32\u0e23\u0e1b\u0e27\u0e14\u0e40\u0e23\u0e34\u0e48\u0e21\u0e14\u0e35\u0e21\u0e32\u0e01\u0e02\u0e36\u0e49\u0e19\u0e04\u0e23\u0e31\u0e1a\u0e44\u0e21\u0e48\u0e21\u0e35\u0e2d\u0e32\u0e01\u0e23\u0e1b\u0e27\u0e14\u0e40\u0e2b\u0e21\u0e37\u0e2d\u0e19\u0e01\u0e48\u0e2d\u0e19\u0e46\u0e04\u0e23\u0e31\u0e1a\r\n"}}, {"pk": 24, "model": "frontend.sign", "fields": {"record": 230, "sign": "\u0e1b\u0e01\u0e15\u0e34"}}, {"pk": 25, "model": "frontend.sign", "fields": {"record": 240, "sign": "\u0e19\u0e49\u0e33\u0e15\u0e32\u0e25\u0e02\u0e36\u0e49\u0e19\u0e40\u0e25\u0e47\u0e01\u0e19\u0e49\u0e2d\u0e22"}}, {"pk": 26, "model": "frontend.sign", "fields": {"record": 244, "sign": "\u0e27\u0e31\u0e19\u0e19\u0e35\u0e49\u0e21\u0e35\u0e2d\u0e32\u0e01\u0e32\u0e23\u0e1b\u0e27\u0e14\u0e17\u0e49\u0e2d\u0e07\u0e19\u0e34\u0e14\u0e46\u0e04\u0e23\u0e31\u0e1a"}}, {"pk": 27, "model": "frontend.sign", "fields": {"record": 246, "sign": "\u0e2d\u0e32\u0e01\u0e32\u0e23\u0e08\u0e32\u0e01\u0e2b\u0e27\u0e31\u0e14\u0e22\u0e31\u0e07\u0e21\u0e35\u0e40\u0e2a\u0e21\u0e2b\u0e30\u0e2d\u0e22\u0e39\u0e48 \u0e2d\u0e32\u0e01\u0e32\u0e23\u0e2d\u0e37\u0e48\u0e19\u0e1b\u0e01\u0e15\u0e34 \u0e19\u0e31\u0e14\u0e43\u0e2a\u0e48\u0e40\u0e04\u0e23\u0e37\u0e48\u0e2d\u0e07 19 \u0e21\u0e35.\u0e04.\u0e04\u0e48\u0e30"}}, {"pk": 28, "model": "frontend.sign", "fields": {"record": 250, "sign": "\u0e1b\u0e01\u0e15\u0e34"}}, {"pk": 29, "model": "frontend.sign", "fields": {"record": 253, "sign": "\u0e2d\u0e32\u0e01\u0e32\u0e23\u0e1b\u0e27\u0e14\u0e17\u0e49\u0e2d\u0e07\u0e44\u0e21\u0e48\u0e21\u0e35\u0e04\u0e23\u0e31\u0e1a"}}, {"pk": 30, "model": "frontend.sign", "fields": {"record": 255, "sign": "\u0e0a\u0e35\u0e1e\u0e08\u0e23 2 \u0e27\u0e31\u0e19\u0e17\u0e35\u0e48\u0e1c\u0e48\u0e32\u0e19\u0e21\u0e32 \u0e40\u0e15\u0e49\u0e19\u0e1b\u0e23\u0e30\u0e21\u0e32\u0e4a\u0e13 85-86 \u0e08\u0e32\u0e01\u0e40\u0e14\u0e34\u0e21\u0e17\u0e35\u0e48\u0e40\u0e04\u0e22\u0e40\u0e15\u0e49\u0e19\u0e1b\u0e23\u0e30\u0e21\u0e32\u0e13 71-72 \u0e1c\u0e34\u0e14\u0e1b\u0e01\u0e15\u0e34\u0e21\u0e31\u0e49\u0e22\u0e04\u0e30"}}, {"pk": 31, "model": "frontend.sign", "fields": {"record": 256, "sign": "\u0e2d\u0e32\u0e01\u0e32\u0e23\u0e1b\u0e27\u0e14\u0e17\u0e49\u0e2d\u0e07\u0e44\u0e21\u0e48\u0e21\u0e35\u0e04\u0e23\u0e31\u0e1a"}}, {"pk": 32, "model": "frontend.sign", "fields": {"record": 261, "sign": "\u0e0a\u0e35\u0e1e\u0e08\u0e23 77 \u0e2d\u0e32\u0e01\u0e32\u0e23\u0e2d\u0e37\u0e48\u0e19\u0e44\u0e21\u0e48\u0e21\u0e35\u0e04\u0e48\u0e30"}}, {"pk": 33, "model": "frontend.sign", "fields": {"record": 265, "sign": "\u0e1e\u0e35\u0e48\u0e42\u0e01\u0e49 \u0e41\u0e2d\u0e19\u0e17\u0e33\u0e19\u0e31\u0e14\u0e2b\u0e21\u0e2d\u0e40\u0e1a\u0e32\u0e2b\u0e27\u0e32\u0e19 9/4 \u0e04\u0e48\u0e30 \u0e1e\u0e22\u0e32\u0e1a\u0e32\u0e25\u0e44\u0e21\u0e48\u0e44\u0e14\u0e49\u0e23\u0e30\u0e1a\u0e38\u0e41\u0e1e\u0e17\u0e22\u0e4c\u0e43\u0e2b\u0e49\u0e19\u0e30\u0e04\u0e48\u0e30"}}, {"pk": 34, "model": "frontend.sign", "fields": {"record": 271, "sign": "\u0e19\u0e49\u0e33\u0e2b\u0e19\u0e31\u0e01\u0e02\u0e2d\u0e07\u0e27\u0e31\u0e19 \u0e2d\u0e32\u0e17\u0e34\u0e15\u0e22\u0e4c \u0e40\u0e17\u0e48\u0e32\u0e01\u0e31\u0e1a 72 \u0e01\u0e01 \u0e04\u0e23\u0e31\u0e1a"}}, {"pk": 35, "model": "frontend.sign", "fields": {"record": 272, "sign": "\u0e2d\u0e32\u0e01\u0e32\u0e23\u0e1b\u0e01\u0e15\u0e34\u0e04\u0e48\u0e30"}}, {"pk": 36, "model": "frontend.sign", "fields": {"record": 278, "sign": "\u0e0a\u0e35\u0e1e\u0e08\u0e23 84 \u0e01\u0e25\u0e31\u0e1a\u0e08\u0e32\u0e01\u0e23\u0e1e.\u0e21\u0e32\u0e2d\u0e22\u0e39\u0e48\u0e1a\u0e49\u0e32\u0e19\u0e44\u0e14\u0e49 2 \u0e27\u0e31\u0e19\u0e41\u0e25\u0e49\u0e27\u0e04\u0e48\u0e30 \u0e22\u0e31\u0e07\u0e40\u0e08\u0e47\u0e1a\u0e41\u0e1c\u0e25\u0e2d\u0e22\u0e39\u0e48\u0e41\u0e15\u0e48\u0e2d\u0e32\u0e01\u0e32\u0e23\u0e17\u0e31\u0e48\u0e27\u0e44\u0e1b\u0e1b\u0e01\u0e15\u0e34 \u0e22\u0e31\u0e07\u0e2b\u0e22\u0e38\u0e14\u0e27\u0e2d\u0e1f\u0e32\u0e23\u0e34\u0e19\u0e2d\u0e22\u0e39\u0e48\u0e14\u0e39\u0e1c\u0e25\u0e2d\u0e35\u0e01\u0e17\u0e35\u0e27\u0e31\u0e19\u0e2d\u0e31\u0e07\u0e04\u0e32\u0e23\u0e17\u0e35\u0e48\u0e19\u0e31\u0e14\u0e25\u0e49\u0e32\u0e07\u0e41\u0e1c\u0e25\u0e04\u0e48\u0e30"}}, {"pk": 37, "model": "frontend.sign", "fields": {"record": 281, "sign": "\u0e1a\u0e49\u0e32\u0e07\u0e04\u0e23\u0e31\u0e49\u0e07\u0e21\u0e35\u0e2d\u0e32\u0e01\u0e32\u0e23\u0e21\u0e36\u0e19\u0e07\u0e07"}}, {"pk": 38, "model": "frontend.sign", "fields": {"record": 283, "sign": "\u0e19\u0e49\u0e33\u0e15\u0e32\u0e25 117 \u0e21\u0e35\u0e2d\u0e32\u0e01\u0e32\u0e23\u0e21\u0e36\u0e19\u0e2b\u0e31\u0e27 \u0e1e\u0e48\u0e2d\u0e40\u0e04\u0e22\u0e21\u0e35\u0e20\u0e32\u0e27\u0e30\u0e42\u0e25\u0e2b\u0e34\u0e15\u0e08\u0e32\u0e07 \u0e04\u0e27\u0e32\u0e21\u0e14\u0e31\u0e14\u0e19\u0e48\u0e32\u0e08\u0e30\u0e15\u0e48\u0e33 \u0e01\u0e34\u0e19\u0e22\u0e32\u0e1a\u0e33\u0e23\u0e38\u0e07\u0e40\u0e25\u0e37\u0e2d\u0e14\u0e44\u0e14\u0e49\u0e44\u0e2b\u0e21\u0e04\u0e48\u0e30 \u0e1a\u0e32\u0e07\u0e04\u0e23\u0e31\u0e49\u0e07\u0e40\u0e14\u0e34\u0e19\u0e40\u0e0b \u0e46"}}, {"pk": 39, "model": "frontend.sign", "fields": {"record": 286, "sign": "\u0e1c\u0e25\u0e40\u0e25\u0e37\u0e2d\u0e14\u0e2a\u0e48\u0e07\u0e22\u0e31\u0e07\u0e44\u0e07\u0e14\u0e35\u0e04\u0e23\u0e31\u0e1a \u0e1e\u0e35\u0e48 \u0e2d\u0e23"}}, {"pk": 40, "model": "frontend.sign", "fields": {"record": 287, "sign": "\u0e0a\u0e35\u0e1e\u0e08\u0e23 83 \u0e40\u0e23\u0e34\u0e48\u0e21\u0e17\u0e32\u0e19 \u0e27\u0e2d\u0e1f\u0e32\u0e25\u0e34\u0e19 \u0e1b\u0e01\u0e15\u0e34 \u0e15\u0e31\u0e49\u0e07\u0e41\u0e15\u0e48\u0e40\u0e21\u0e37\u0e48\u0e2d\u0e04\u0e37\u0e19\u0e04\u0e48\u0e30"}}, {"pk": 44, "model": "frontend.sign", "fields": {"record": 301, "sign": "\u0e17\u0e32\u0e22\u0e32\u0e1a\u0e33\u0e23\u0e38\u0e07\u0e40\u0e25\u0e37\u0e2d\u0e14\u0e2d\u0e22\u0e39\u0e48\u0e04\u0e48\u0e30\u0e1e\u0e35\u0e48\u0e42\u0e01\u0e49"}}, {"pk": 45, "model": "frontend.sign", "fields": {"record": 309, "sign": "\u0e02\u0e32\u0e1a\u0e27\u0e21\u0e40\u0e25\u0e47\u0e01\u0e19\u0e49\u0e2d\u0e22\u0e40\u0e23\u0e34\u0e48\u0e21\u0e09\u0e35\u0e14\u0e22\u0e32 mixtard 4  \u0e22\u0e39\u0e19\u0e34\u0e15 \u0e04\u0e48\u0e32\u0e19\u0e49\u0e33\u0e15\u0e32\u0e25\u0e40\u0e21\u0e37\u0e48\u0e2d\u0e27\u0e32\u0e19\u0e40\u0e0a\u0e49\u0e32 144 \u0e27\u0e31\u0e19\u0e19\u0e35\u0e49 176 \u0e17\u0e33\u0e44\u0e21\u0e40\u0e1e\u0e34\u0e48\u0e21\u0e04\u0e48\u0e30"}}]