[{"pk": 12, "model": "frontend.patient", "fields": {"contact_number": "0865145814", "firstname": "\u0e40\u0e15\u0e49\u0e22", "lastname": "", "age": "", "confirm_by": "both", "sound_for_name": "", "hn": "8147", "email": "vachee814@gmail.com"}}, {"pk": 13, "model": "frontend.patient", "fields": {"contact_number": "0899503808", "firstname": "\u0e1c\u0e31\u0e14", "lastname": "\u0e19\u0e23\u0e23\u0e31\u0e15\u0e19\u0e4c", "age": "", "confirm_by": "both", "sound_for_name": "", "hn": "81224/54", "email": "primus_magnet@yahoo.com"}}, {"pk": 14, "model": "frontend.patient", "fields": {"contact_number": "0869835983", "firstname": "\u0e2d\u0e23\u0e1e\u0e34\u0e19\u0e17\u0e4c", "lastname": "\u0e27\u0e32\u0e19\u0e34\u0e0a\u0e40\u0e08\u0e23\u0e34\u0e0d\u0e18\u0e23\u0e23\u0e21", "age": "", "confirm_by": "both", "sound_for_name": "", "hn": "92886/54", "email": "kkanlayarat@gmail.com"}}, {"pk": 15, "model": "frontend.patient", "fields": {"contact_number": "0815700577", "firstname": "\u0e44\u0e21\u0e25\u0e4c", "lastname": "\u0e1e\u0e37\u0e0a\u0e19\u0e30", "age": "", "confirm_by": "both", "sound_for_name": "", "hn": "25859/55", "email": "wannapap_ann@hotmail.com"}}, {"pk": 16, "model": "frontend.patient", "fields": {"contact_number": "0849337248", "firstname": "\u0e1a\u0e38\u0e0d\u0e23\u0e31\u0e15\u0e19\u0e4c", "lastname": "\u0e1e\u0e34\u0e21\u0e1e\u0e32\u0e19\u0e34\u0e0a", "age": "", "confirm_by": "sms", "sound_for_name": "", "hn": "49371/53", "email": ""}}, {"pk": 17, "model": "frontend.patient", "fields": {"contact_number": "0859067377", "firstname": "\u0e2d\u0e20\u0e34\u0e40\u0e0a\u0e29\u0e10\u0e4c", "lastname": "\u0e2a\u0e21\u0e1a\u0e31\u0e15\u0e34\u0e01\u0e33\u0e44\u0e23", "age": "", "confirm_by": "sms", "sound_for_name": "", "hn": "89489/55", "email": ""}}, {"pk": 18, "model": "frontend.patient", "fields": {"contact_number": "0818617284", "firstname": "\u0e08\u0e34\u0e23\u0e1e\u0e31\u0e19\u0e18\u0e38\u0e4c", "lastname": "\u0e27\u0e35\u0e23\u0e30\u0e0d\u0e32\u0e42\u0e13", "age": "", "confirm_by": "email", "sound_for_name": "", "hn": "2351/54", "email": "jirapan@thaitohmado.co.th"}}, {"pk": 19, "model": "frontend.patient", "fields": {"contact_number": "0880207319", "firstname": "\u0e1e\u0e27\u0e07\u0e1b\u0e30\u0e01\u0e32", "lastname": "\u0e40\u0e15\u0e34\u0e21\u0e2a\u0e38\u0e02", "age": "", "confirm_by": "sms", "sound_for_name": "", "hn": "60249/53", "email": ""}}, {"pk": 20, "model": "frontend.patient", "fields": {"contact_number": "0816393537", "firstname": "\u0e40\u0e23\u0e34\u0e07\u0e27\u0e31\u0e12\u0e19\u0e4c", "lastname": "", "age": "", "confirm_by": "sms", "sound_for_name": "", "hn": "75996/55", "email": ""}}, {"pk": 21, "model": "frontend.patient", "fields": {"contact_number": "0804561149", "firstname": "\u0e0a\u0e31\u0e22\u0e27\u0e31\u0e12\u0e19\u0e4c \u0e17\u0e2d\u0e22", "lastname": "\u0e08\u0e33\u0e19\u0e07\u0e04\u0e4c\u0e2d\u0e32\u0e29\u0e32", "age": "", "confirm_by": "both", "sound_for_name": "", "hn": "111351/55", "email": "chaiwat@anglo-dutch.co.th"}}, {"pk": 22, "model": "frontend.patient", "fields": {"contact_number": "0835453694", "firstname": "\u0e1e\u0e40\u0e22\u0e32\u0e27\u0e4c", "lastname": "\u0e40\u0e17\u0e28\u0e19\u0e4c\u0e22\u0e34\u0e49\u0e21", "age": "", "confirm_by": "sms", "sound_for_name": "", "hn": "15087/34", "email": ""}}, {"pk": 23, "model": "frontend.patient", "fields": {"contact_number": "0860216060", "firstname": "\u0e0a\u0e22\u0e27\u0e38\u0e12\u0e34", "lastname": "\u0e2a\u0e38\u0e01\u0e1b\u0e25\u0e31\u0e48\u0e07", "age": "", "confirm_by": "email", "sound_for_name": "", "hn": "2466/55", "email": "chaiyawut.so@gmail.com"}}, {"pk": 24, "model": "frontend.patient", "fields": {"contact_number": "0839919558", "firstname": "\u0e18\u0e19\u0e30\u0e27\u0e23\u0e23\u0e18\u0e19\u0e4c", "lastname": "\u0e1b\u0e32\u0e19\u0e08\u0e31\u0e19\u0e17\u0e23\u0e4c\u0e18\u0e19\u0e42\u0e0a\u0e15\u0e34", "age": "", "confirm_by": "both", "sound_for_name": "", "hn": "20574/54", "email": "bao2504@gmail.com"}}, {"pk": 25, "model": "frontend.patient", "fields": {"contact_number": "0863088188", "firstname": "\u0e28\u0e34\u0e23\u0e34\u0e19", "lastname": "\u0e0a\u0e31\u0e22\u0e01\u0e38\u0e25", "age": "", "confirm_by": "both", "sound_for_name": "", "hn": "36911/55", "email": "pk_06_2507@yahoo.com"}}, {"pk": 2, "model": "frontend.visit", "fields": {"date": "2013-01-23", "patient": 13, "visit_type": "hospital"}}, {"pk": 3, "model": "frontend.visit", "fields": {"date": "2013-01-23", "patient": 15, "visit_type": "hospital"}}, {"pk": 4, "model": "frontend.visit", "fields": {"date": "2013-01-23", "patient": 14, "visit_type": "hospital"}}, {"pk": 5, "model": "frontend.visit", "fields": {"date": "2013-01-23", "patient": 16, "visit_type": "hospital"}}, {"pk": 6, "model": "frontend.visit", "fields": {"date": "2013-01-23", "patient": 17, "visit_type": "hospital"}}, {"pk": 3, "model": "frontend.log", "fields": {"email_count": 39, "sms_count": 34, "created": "2013-01-30"}}, {"pk": 4, "model": "frontend.log", "fields": {"email_count": 62, "sms_count": 44, "created": "2013-02-05"}}, {"pk": 104, "model": "frontend.record", "fields": {"status": "\u0e15\u0e2d\u0e1a\u0e01\u0e25\u0e31\u0e1a\u0e41\u0e25\u0e49\u0e27", "submitted_by": "web", "patient": 13, "voicemail": "", "period": "morning", "datetime": "2013-01-23T02:50:55Z"}}, {"pk": 105, "model": "frontend.record", "fields": {"status": "\u0e15\u0e2d\u0e1a\u0e01\u0e25\u0e31\u0e1a\u0e41\u0e25\u0e49\u0e27", "submitted_by": "web", "patient": 14, "voicemail": "", "period": "morning", "datetime": "2013-01-23T02:50:35Z"}}, {"pk": 106, "model": "frontend.record", "fields": {"status": "\u0e15\u0e2d\u0e1a\u0e01\u0e25\u0e31\u0e1a\u0e41\u0e25\u0e49\u0e27", "submitted_by": "web", "patient": 15, "voicemail": "", "period": "morning", "datetime": "2013-01-23T02:50:35Z"}}, {"pk": 108, "model": "frontend.record", "fields": {"status": "\u0e15\u0e2d\u0e1a\u0e01\u0e25\u0e31\u0e1a\u0e41\u0e25\u0e49\u0e27", "submitted_by": "ivr", "patient": 16, "voicemail": "2013-01-23_11-30-26_0849337248.mp3", "period": "morning", "datetime": "2013-01-23T02:46:29Z"}}, {"pk": 111, "model": "frontend.record", "fields": {"status": "\u0e15\u0e2d\u0e1a\u0e01\u0e25\u0e31\u0e1a\u0e41\u0e25\u0e49\u0e27", "submitted_by": "sms", "patient": 17, "voicemail": "", "period": "morning", "datetime": "2013-01-23T04:58:14Z"}}, {"pk": 118, "model": "frontend.record", "fields": {"status": "\u0e15\u0e2d\u0e1a\u0e01\u0e25\u0e31\u0e1a\u0e41\u0e25\u0e49\u0e27", "submitted_by": "web", "patient": 15, "voicemail": "", "period": "morning", "datetime": "2013-01-24T11:50:46Z"}}, {"pk": 119, "model": "frontend.record", "fields": {"status": "\u0e15\u0e2d\u0e1a\u0e01\u0e25\u0e31\u0e1a\u0e41\u0e25\u0e49\u0e27", "submitted_by": "web", "patient": 15, "voicemail": "", "period": "morning", "datetime": "2013-01-27T13:36:48Z"}}, {"pk": 120, "model": "frontend.record", "fields": {"status": "\u0e15\u0e2d\u0e1a\u0e01\u0e25\u0e31\u0e1a\u0e41\u0e25\u0e49\u0e27", "submitted_by": "web", "patient": 15, "voicemail": "", "period": "morning", "datetime": "2013-01-27T13:33:03Z"}}, {"pk": 122, "model": "frontend.record", "fields": {"status": "\u0e15\u0e2d\u0e1a\u0e01\u0e25\u0e31\u0e1a\u0e41\u0e25\u0e49\u0e27", "submitted_by": "web", "patient": 21, "voicemail": "", "period": "morning", "datetime": "2013-01-27T13:33:03Z"}}, {"pk": 123, "model": "frontend.record", "fields": {"status": "\u0e15\u0e2d\u0e1a\u0e01\u0e25\u0e31\u0e1a\u0e41\u0e25\u0e49\u0e27", "submitted_by": "web", "patient": 15, "voicemail": "", "period": "morning", "datetime": "2013-01-27T13:36:48Z"}}, {"pk": 124, "model": "frontend.record", "fields": {"status": "\u0e15\u0e2d\u0e1a\u0e01\u0e25\u0e31\u0e1a\u0e41\u0e25\u0e49\u0e27", "submitted_by": "web", "patient": 15, "voicemail": "", "period": "morning", "datetime": "2013-02-03T01:57:12Z"}}, {"pk": 125, "model": "frontend.record", "fields": {"status": "\u0e15\u0e2d\u0e1a\u0e01\u0e25\u0e31\u0e1a\u0e41\u0e25\u0e49\u0e27", "submitted_by": "web", "patient": 15, "voicemail": "", "period": "morning", "datetime": "2013-02-04T04:21:09Z"}}, {"pk": 133, "model": "frontend.record", "fields": {"status": "\u0e15\u0e2d\u0e1a\u0e01\u0e25\u0e31\u0e1a\u0e41\u0e25\u0e49\u0e27", "submitted_by": "web", "patient": 15, "voicemail": "", "period": "morning", "datetime": "2013-02-04T13:58:03Z"}}, {"pk": 140, "model": "frontend.record", "fields": {"status": "\u0e15\u0e2d\u0e1a\u0e01\u0e25\u0e31\u0e1a\u0e41\u0e25\u0e49\u0e27", "submitted_by": "web", "patient": 15, "voicemail": "", "period": "morning", "datetime": "2013-02-05T13:12:06Z"}}, {"pk": 157, "model": "frontend.record", "fields": {"status": "\u0e15\u0e2d\u0e1a\u0e01\u0e25\u0e31\u0e1a\u0e41\u0e25\u0e49\u0e27", "submitted_by": "web", "patient": 15, "voicemail": "", "period": "morning", "datetime": "2013-02-06T08:52:22Z"}}, {"pk": 160, "model": "frontend.record", "fields": {"status": "\u0e15\u0e2d\u0e1a\u0e01\u0e25\u0e31\u0e1a\u0e41\u0e25\u0e49\u0e27", "submitted_by": "web", "patient": 15, "voicemail": "", "period": "morning", "datetime": "2013-02-09T03:52:37Z"}}, {"pk": 161, "model": "frontend.record", "fields": {"status": "\u0e15\u0e2d\u0e1a\u0e01\u0e25\u0e31\u0e1a\u0e41\u0e25\u0e49\u0e27", "submitted_by": "web", "patient": 15, "voicemail": "", "period": "morning", "datetime": "2013-02-10T14:28:58Z"}}, {"pk": 188, "model": "frontend.record", "fields": {"status": "\u0e15\u0e2d\u0e1a\u0e01\u0e25\u0e31\u0e1a\u0e41\u0e25\u0e49\u0e27", "submitted_by": "web", "patient": 15, "voicemail": "", "period": "morning", "datetime": "2013-02-12T13:57:46Z"}}, {"pk": 198, "model": "frontend.record", "fields": {"status": "\u0e15\u0e2d\u0e1a\u0e01\u0e25\u0e31\u0e1a\u0e41\u0e25\u0e49\u0e27", "submitted_by": "web", "patient": 18, "voicemail": "", "period": "morning", "datetime": "2013-02-13T02:14:48Z"}}, {"pk": 199, "model": "frontend.record", "fields": {"status": "\u0e15\u0e2d\u0e1a\u0e01\u0e25\u0e31\u0e1a\u0e41\u0e25\u0e49\u0e27", "submitted_by": "web", "patient": 18, "voicemail": "", "period": "morning", "datetime": "2013-02-14T02:54:42Z"}}, {"pk": 200, "model": "frontend.record", "fields": {"status": "\u0e15\u0e2d\u0e1a\u0e01\u0e25\u0e31\u0e1a\u0e41\u0e25\u0e49\u0e27", "submitted_by": "web", "patient": 18, "voicemail": "", "period": "morning", "datetime": "2013-02-15T04:48:49Z"}}, {"pk": 201, "model": "frontend.record", "fields": {"status": "\u0e15\u0e2d\u0e1a\u0e01\u0e25\u0e31\u0e1a\u0e41\u0e25\u0e49\u0e27", "submitted_by": "web", "patient": 15, "voicemail": "", "period": "morning", "datetime": "2013-02-15T06:43:32Z"}}, {"pk": 203, "model": "frontend.record", "fields": {"status": "\u0e15\u0e2d\u0e1a\u0e01\u0e25\u0e31\u0e1a\u0e41\u0e25\u0e49\u0e27", "submitted_by": "web", "patient": 18, "voicemail": "", "period": "morning", "datetime": "2013-02-16T01:33:13Z"}}, {"pk": 204, "model": "frontend.record", "fields": {"status": "\u0e15\u0e2d\u0e1a\u0e01\u0e25\u0e31\u0e1a\u0e41\u0e25\u0e49\u0e27", "submitted_by": "web", "patient": 14, "voicemail": "", "period": "morning", "datetime": "2013-02-17T13:02:48Z"}}, {"pk": 205, "model": "frontend.record", "fields": {"status": "\u0e15\u0e2d\u0e1a\u0e01\u0e25\u0e31\u0e1a\u0e41\u0e25\u0e49\u0e27", "submitted_by": "web", "patient": 15, "voicemail": "", "period": "morning", "datetime": "2013-02-17T13:36:41Z"}}, {"pk": 206, "model": "frontend.record", "fields": {"status": "\u0e15\u0e2d\u0e1a\u0e01\u0e25\u0e31\u0e1a\u0e41\u0e25\u0e49\u0e27", "submitted_by": "web", "patient": 18, "voicemail": "", "period": "morning", "datetime": "2013-02-18T00:54:32Z"}}, {"pk": 207, "model": "frontend.record", "fields": {"status": "\u0e15\u0e2d\u0e1a\u0e01\u0e25\u0e31\u0e1a\u0e41\u0e25\u0e49\u0e27", "submitted_by": "web", "patient": 15, "voicemail": "", "period": "morning", "datetime": "2013-02-18T01:33:42Z"}}, {"pk": 208, "model": "frontend.record", "fields": {"status": "\u0e15\u0e2d\u0e1a\u0e01\u0e25\u0e31\u0e1a\u0e41\u0e25\u0e49\u0e27", "submitted_by": "web", "patient": 14, "voicemail": "", "period": "morning", "datetime": "2013-02-18T11:37:03Z"}}, {"pk": 209, "model": "frontend.record", "fields": {"status": "\u0e15\u0e2d\u0e1a\u0e01\u0e25\u0e31\u0e1a\u0e41\u0e25\u0e49\u0e27", "submitted_by": "web", "patient": 18, "voicemail": "", "period": "morning", "datetime": "2013-02-19T01:29:31Z"}}, {"pk": 210, "model": "frontend.record", "fields": {"status": "\u0e15\u0e2d\u0e1a\u0e01\u0e25\u0e31\u0e1a\u0e41\u0e25\u0e49\u0e27", "submitted_by": "web", "patient": 15, "voicemail": "", "period": "morning", "datetime": "2013-02-19T13:33:57Z"}}, {"pk": 211, "model": "frontend.record", "fields": {"status": "\u0e15\u0e2d\u0e1a\u0e01\u0e25\u0e31\u0e1a\u0e41\u0e25\u0e49\u0e27", "submitted_by": "web", "patient": 18, "voicemail": "", "period": "morning", "datetime": "2013-02-20T01:56:40Z"}}, {"pk": 213, "model": "frontend.record", "fields": {"status": "\u0e15\u0e2d\u0e1a\u0e01\u0e25\u0e31\u0e1a\u0e41\u0e25\u0e49\u0e27", "submitted_by": "web", "patient": 25, "voicemail": "", "period": "morning", "datetime": "2013-02-20T04:01:42Z"}}, {"pk": 214, "model": "frontend.record", "fields": {"status": "\u0e15\u0e2d\u0e1a\u0e01\u0e25\u0e31\u0e1a\u0e41\u0e25\u0e49\u0e27", "submitted_by": "web", "patient": 15, "voicemail": "", "period": "morning", "datetime": "2013-02-20T12:01:36Z"}}, {"pk": 215, "model": "frontend.record", "fields": {"status": "\u0e15\u0e2d\u0e1a\u0e01\u0e25\u0e31\u0e1a\u0e41\u0e25\u0e49\u0e27", "submitted_by": "web", "patient": 14, "voicemail": "", "period": "morning", "datetime": "2013-02-20T13:12:18Z"}}, {"pk": 216, "model": "frontend.record", "fields": {"status": "\u0e15\u0e2d\u0e1a\u0e01\u0e25\u0e31\u0e1a\u0e41\u0e25\u0e49\u0e27", "submitted_by": "web", "patient": 18, "voicemail": "", "period": "morning", "datetime": "2013-02-21T00:54:01Z"}}, {"pk": 217, "model": "frontend.record", "fields": {"status": "\u0e15\u0e2d\u0e1a\u0e01\u0e25\u0e31\u0e1a\u0e41\u0e25\u0e49\u0e27", "submitted_by": "web", "patient": 15, "voicemail": "", "period": "morning", "datetime": "2013-02-21T11:44:07Z"}}, {"pk": 218, "model": "frontend.record", "fields": {"status": "\u0e15\u0e2d\u0e1a\u0e01\u0e25\u0e31\u0e1a\u0e41\u0e25\u0e49\u0e27", "submitted_by": "web", "patient": 14, "voicemail": "", "period": "morning", "datetime": "2013-02-21T13:41:43Z"}}, {"pk": 219, "model": "frontend.record", "fields": {"status": "\u0e15\u0e2d\u0e1a\u0e01\u0e25\u0e31\u0e1a\u0e41\u0e25\u0e49\u0e27", "submitted_by": "web", "patient": 15, "voicemail": "", "period": "morning", "datetime": "2013-02-22T01:07:29Z"}}, {"pk": 220, "model": "frontend.record", "fields": {"status": "\u0e23\u0e2d\u0e01\u0e32\u0e23\u0e15\u0e2d\u0e1a\u0e01\u0e25\u0e31\u0e1a", "submitted_by": "web", "patient": 18, "voicemail": "", "period": "morning", "datetime": "2013-02-22T02:25:26Z"}}, {"pk": 221, "model": "frontend.record", "fields": {"status": "\u0e23\u0e2d\u0e01\u0e32\u0e23\u0e15\u0e2d\u0e1a\u0e01\u0e25\u0e31\u0e1a", "submitted_by": "web", "patient": 18, "voicemail": "", "period": "morning", "datetime": "2013-02-25T06:49:18Z"}}, {"pk": 36, "model": "frontend.response", "fields": {"deleted": false, "record": 104, "nurse": 1, "reply_text": "\u0e40\u0e23\u0e32\u0e17\u0e1a\u0e17\u0e27\u0e19\u0e02\u0e49\u0e2d\u0e21\u0e39\u0e25\u0e02\u0e2d\u0e07\u0e04\u0e38\u0e13\u0e41\u0e25\u0e49\u0e27 \u0e44\u0e21\u0e48\u0e1b\u0e23\u0e31\u0e1a\u0e22\u0e32 \u0e43\u0e2b\u0e49\u0e17\u0e32\u0e19\u0e40\u0e2b\u0e21\u0e37\u0e2d\u0e19\u0e40\u0e14\u0e34\u0e21 \u0e02\u0e2d\u0e1a\u0e04\u0e38\u0e13\u0e04\u0e48\u0e30||", "timestamp": "2013-02-18T17:00:00Z"}}, {"pk": 37, "model": "frontend.response", "fields": {"deleted": false, "record": 105, "nurse": 1, "reply_text": "\u0e40\u0e23\u0e32\u0e17\u0e1a\u0e17\u0e27\u0e19\u0e02\u0e49\u0e2d\u0e21\u0e39\u0e25\u0e02\u0e2d\u0e07\u0e04\u0e38\u0e13\u0e41\u0e25\u0e49\u0e27 \u0e44\u0e21\u0e48\u0e1b\u0e23\u0e31\u0e1a\u0e22\u0e32 \u0e43\u0e2b\u0e49\u0e17\u0e32\u0e19\u0e40\u0e2b\u0e21\u0e37\u0e2d\u0e19\u0e40\u0e14\u0e34\u0e21 \u0e02\u0e2d\u0e1a\u0e04\u0e38\u0e13\u0e04\u0e48\u0e30||", "timestamp": "2013-02-18T17:00:00Z"}}, {"pk": 38, "model": "frontend.response", "fields": {"deleted": false, "record": 106, "nurse": 1, "reply_text": "\u0e40\u0e23\u0e32\u0e17\u0e1a\u0e17\u0e27\u0e19\u0e02\u0e49\u0e2d\u0e21\u0e39\u0e25\u0e02\u0e2d\u0e07\u0e04\u0e38\u0e13\u0e41\u0e25\u0e49\u0e27 \u0e44\u0e21\u0e48\u0e1b\u0e23\u0e31\u0e1a\u0e22\u0e32 \u0e43\u0e2b\u0e49\u0e17\u0e32\u0e19\u0e40\u0e2b\u0e21\u0e37\u0e2d\u0e19\u0e40\u0e14\u0e34\u0e21 \u0e02\u0e2d\u0e1a\u0e04\u0e38\u0e13\u0e04\u0e48\u0e30||", "timestamp": "2013-02-18T17:00:00Z"}}, {"pk": 46, "model": "frontend.response", "fields": {"deleted": false, "record": 111, "nurse": 1, "reply_text": "\u0e40\u0e23\u0e32\u0e17\u0e1a\u0e17\u0e27\u0e19\u0e02\u0e49\u0e2d\u0e21\u0e39\u0e25\u0e02\u0e2d\u0e07\u0e04\u0e38\u0e13\u0e41\u0e25\u0e49\u0e27 \u0e44\u0e21\u0e48\u0e1b\u0e23\u0e31\u0e1a\u0e22\u0e32 \u0e43\u0e2b\u0e49\u0e17\u0e32\u0e19\u0e40\u0e2b\u0e21\u0e37\u0e2d\u0e19\u0e40\u0e14\u0e34\u0e21 \u0e02\u0e2d\u0e1a\u0e04\u0e38\u0e13\u0e04\u0e48\u0e30||", "timestamp": "2013-02-18T17:00:00Z"}}, {"pk": 47, "model": "frontend.response", "fields": {"deleted": false, "record": 108, "nurse": 1, "reply_text": "\u0e40\u0e23\u0e32\u0e17\u0e1a\u0e17\u0e27\u0e19\u0e02\u0e49\u0e2d\u0e21\u0e39\u0e25\u0e02\u0e2d\u0e07\u0e04\u0e38\u0e13\u0e41\u0e25\u0e49\u0e27 \u0e44\u0e21\u0e48\u0e1b\u0e23\u0e31\u0e1a\u0e22\u0e32 \u0e43\u0e2b\u0e49\u0e17\u0e32\u0e19\u0e40\u0e2b\u0e21\u0e37\u0e2d\u0e19\u0e40\u0e14\u0e34\u0e21 \u0e02\u0e2d\u0e1a\u0e04\u0e38\u0e13\u0e04\u0e48\u0e30||", "timestamp": "2013-02-18T17:00:00Z"}}, {"pk": 48, "model": "frontend.response", "fields": {"deleted": false, "record": 118, "nurse": 4, "reply_text": "\u0e40\u0e23\u0e32\u0e17\u0e1a\u0e17\u0e27\u0e19\u0e02\u0e49\u0e2d\u0e21\u0e39\u0e25\u0e02\u0e2d\u0e07\u0e04\u0e38\u0e13\u0e41\u0e25\u0e49\u0e27 \u0e44\u0e21\u0e48\u0e1b\u0e23\u0e31\u0e1a\u0e22\u0e32 \u0e43\u0e2b\u0e49\u0e17\u0e32\u0e19\u0e40\u0e2b\u0e21\u0e37\u0e2d\u0e19\u0e40\u0e14\u0e34\u0e21 \u0e02\u0e2d\u0e1a\u0e04\u0e38\u0e13\u0e04\u0e48\u0e30||", "timestamp": "2013-02-18T17:00:00Z"}}, {"pk": 50, "model": "frontend.response", "fields": {"deleted": false, "record": 122, "nurse": 1, "reply_text": "\u0e40\u0e23\u0e32\u0e17\u0e1a\u0e17\u0e27\u0e19\u0e02\u0e49\u0e2d\u0e21\u0e39\u0e25\u0e02\u0e2d\u0e07\u0e04\u0e38\u0e13\u0e41\u0e25\u0e49\u0e27 \u0e44\u0e21\u0e48\u0e1b\u0e23\u0e31\u0e1a\u0e22\u0e32 \u0e43\u0e2b\u0e49\u0e17\u0e32\u0e19\u0e40\u0e2b\u0e21\u0e37\u0e2d\u0e19\u0e40\u0e14\u0e34\u0e21 \u0e02\u0e2d\u0e1a\u0e04\u0e38\u0e13\u0e04\u0e48\u0e30||", "timestamp": "2013-02-18T17:00:00Z"}}, {"pk": 51, "model": "frontend.response", "fields": {"deleted": false, "record": 120, "nurse": 4, "reply_text": "\u0e40\u0e23\u0e32\u0e17\u0e1a\u0e17\u0e27\u0e19\u0e02\u0e49\u0e2d\u0e21\u0e39\u0e25\u0e02\u0e2d\u0e07\u0e04\u0e38\u0e13\u0e41\u0e25\u0e49\u0e27 \u0e44\u0e21\u0e48\u0e1b\u0e23\u0e31\u0e1a\u0e22\u0e32 \u0e43\u0e2b\u0e49\u0e17\u0e32\u0e19\u0e40\u0e2b\u0e21\u0e37\u0e2d\u0e19\u0e40\u0e14\u0e34\u0e21 \u0e02\u0e2d\u0e1a\u0e04\u0e38\u0e13\u0e04\u0e48\u0e30||", "timestamp": "2013-02-18T17:00:00Z"}}, {"pk": 52, "model": "frontend.response", "fields": {"deleted": false, "record": 119, "nurse": 4, "reply_text": "\u0e40\u0e23\u0e32\u0e17\u0e1a\u0e17\u0e27\u0e19\u0e02\u0e49\u0e2d\u0e21\u0e39\u0e25\u0e02\u0e2d\u0e07\u0e04\u0e38\u0e13\u0e41\u0e25\u0e49\u0e27 \u0e44\u0e21\u0e48\u0e1b\u0e23\u0e31\u0e1a\u0e22\u0e32 \u0e43\u0e2b\u0e49\u0e17\u0e32\u0e19\u0e40\u0e2b\u0e21\u0e37\u0e2d\u0e19\u0e40\u0e14\u0e34\u0e21 \u0e02\u0e2d\u0e1a\u0e04\u0e38\u0e13\u0e04\u0e48\u0e30||", "timestamp": "2013-02-18T17:00:00Z"}}, {"pk": 53, "model": "frontend.response", "fields": {"deleted": false, "record": 123, "nurse": 4, "reply_text": "\u0e19\u0e49\u0e33\u0e2b\u0e19\u0e31\u0e01 47-48.5 \u0e19\u0e48\u0e32\u0e08\u0e30\u0e40\u0e1b\u0e47\u0e19 good weight \u0e19\u0e30\u0e04\u0e30 \u0e08\u0e30\u0e44\u0e14\u0e49\u0e17\u0e32\u0e19 Lasix \u0e41\u0e04\u0e48\u0e04\u0e23\u0e36\u0e48\u0e07\u0e40\u0e21\u0e47\u0e14 \u0e08\u0e32\u0e01 \u0e2d\u0e23\u0e27\u0e34\u0e01\u0e32\u0e0d\u0e08\u0e19\u0e4c HF nurse||", "timestamp": "2013-02-18T17:00:00Z"}}, {"pk": 55, "model": "frontend.response", "fields": {"deleted": false, "record": 124, "nurse": 1, "reply_text": "\u0e40\u0e23\u0e32\u0e17\u0e1a\u0e17\u0e27\u0e19\u0e02\u0e49\u0e2d\u0e21\u0e39\u0e25\u0e02\u0e2d\u0e07\u0e04\u0e38\u0e13\u0e41\u0e25\u0e49\u0e27 \u0e44\u0e21\u0e48\u0e1b\u0e23\u0e31\u0e1a\u0e22\u0e32 \u0e43\u0e2b\u0e49\u0e17\u0e32\u0e19\u0e40\u0e2b\u0e21\u0e37\u0e2d\u0e19\u0e40\u0e14\u0e34\u0e21 \u0e02\u0e2d\u0e1a\u0e04\u0e38\u0e13\u0e04\u0e48\u0e30||", "timestamp": "2013-02-18T17:00:00Z"}}, {"pk": 56, "model": "frontend.response", "fields": {"deleted": false, "record": 125, "nurse": 1, "reply_text": "\u0e40\u0e23\u0e32\u0e17\u0e1a\u0e17\u0e27\u0e19\u0e02\u0e49\u0e2d\u0e21\u0e39\u0e25\u0e02\u0e2d\u0e07\u0e04\u0e38\u0e13\u0e41\u0e25\u0e49\u0e27 \u0e44\u0e21\u0e48\u0e1b\u0e23\u0e31\u0e1a\u0e22\u0e32 \u0e43\u0e2b\u0e49\u0e17\u0e32\u0e19\u0e40\u0e2b\u0e21\u0e37\u0e2d\u0e19\u0e40\u0e14\u0e34\u0e21 \u0e02\u0e2d\u0e1a\u0e04\u0e38\u0e13\u0e04\u0e48\u0e30||", "timestamp": "2013-02-18T17:00:00Z"}}, {"pk": 57, "model": "frontend.response", "fields": {"deleted": false, "record": 133, "nurse": 1, "reply_text": "\u0e40\u0e23\u0e32\u0e17\u0e1a\u0e17\u0e27\u0e19\u0e02\u0e49\u0e2d\u0e21\u0e39\u0e25\u0e02\u0e2d\u0e07\u0e04\u0e38\u0e13\u0e41\u0e25\u0e49\u0e27 \u0e44\u0e21\u0e48\u0e1b\u0e23\u0e31\u0e1a\u0e22\u0e32 \u0e43\u0e2b\u0e49\u0e17\u0e32\u0e19\u0e40\u0e2b\u0e21\u0e37\u0e2d\u0e19\u0e40\u0e14\u0e34\u0e21 \u0e02\u0e2d\u0e1a\u0e04\u0e38\u0e13\u0e04\u0e48\u0e30||", "timestamp": "2013-02-18T17:00:00Z"}}, {"pk": 62, "model": "frontend.response", "fields": {"deleted": false, "record": 140, "nurse": 1, "reply_text": "\u0e40\u0e23\u0e32\u0e17\u0e1a\u0e17\u0e27\u0e19\u0e02\u0e49\u0e2d\u0e21\u0e39\u0e25\u0e02\u0e2d\u0e07\u0e04\u0e38\u0e13\u0e41\u0e25\u0e49\u0e27 \u0e44\u0e21\u0e48\u0e1b\u0e23\u0e31\u0e1a\u0e22\u0e32 \u0e43\u0e2b\u0e49\u0e17\u0e32\u0e19\u0e40\u0e2b\u0e21\u0e37\u0e2d\u0e19\u0e40\u0e14\u0e34\u0e21 \u0e02\u0e2d\u0e1a\u0e04\u0e38\u0e13\u0e04\u0e48\u0e30||", "timestamp": "2013-02-18T17:00:00Z"}}, {"pk": 63, "model": "frontend.response", "fields": {"deleted": false, "record": 157, "nurse": 4, "reply_text": "\u0e40\u0e23\u0e32\u0e17\u0e1a\u0e17\u0e27\u0e19\u0e02\u0e49\u0e2d\u0e21\u0e39\u0e25\u0e02\u0e2d\u0e07\u0e04\u0e38\u0e13\u0e41\u0e25\u0e49\u0e27 \u0e44\u0e21\u0e48\u0e1b\u0e23\u0e31\u0e1a\u0e22\u0e32 \u0e43\u0e2b\u0e49\u0e17\u0e32\u0e19\u0e40\u0e2b\u0e21\u0e37\u0e2d\u0e19\u0e40\u0e14\u0e34\u0e21 \u0e02\u0e2d\u0e1a\u0e04\u0e38\u0e13\u0e04\u0e48\u0e30||", "timestamp": "2013-02-18T17:00:00Z"}}, {"pk": 64, "model": "frontend.response", "fields": {"deleted": false, "record": 160, "nurse": 4, "reply_text": "\u0e40\u0e23\u0e32\u0e17\u0e1a\u0e17\u0e27\u0e19\u0e02\u0e49\u0e2d\u0e21\u0e39\u0e25\u0e02\u0e2d\u0e07\u0e04\u0e38\u0e13\u0e41\u0e25\u0e49\u0e27 \u0e44\u0e21\u0e48\u0e1b\u0e23\u0e31\u0e1a\u0e22\u0e32 \u0e43\u0e2b\u0e49\u0e17\u0e32\u0e19\u0e40\u0e2b\u0e21\u0e37\u0e2d\u0e19\u0e40\u0e14\u0e34\u0e21 \u0e02\u0e2d\u0e1a\u0e04\u0e38\u0e13\u0e04\u0e48\u0e30||", "timestamp": "2013-02-18T17:00:00Z"}}, {"pk": 65, "model": "frontend.response", "fields": {"deleted": false, "record": 161, "nurse": 4, "reply_text": "\u0e19\u0e49\u0e33\u0e2b\u0e19\u0e31\u0e01\u0e0a\u0e48\u0e27\u0e07\u0e19\u0e35\u0e49\u0e04\u0e07\u0e17\u0e35\u0e48\u0e14\u0e35\u0e21\u0e32\u0e01\u0e04\u0e48\u0e30 \u0e17\u0e32\u0e19 Lasix \u0e02\u0e19\u0e32\u0e14\u0e40\u0e14\u0e34\u0e21\u0e19\u0e30\u0e04\u0e30 \u0e23\u0e2d\u0e15\u0e23\u0e27\u0e08\u0e04\u0e48\u0e32\u0e01\u0e32\u0e23\u0e17\u0e33\u0e07\u0e32\u0e19\u0e02\u0e2d\u0e07\u0e44\u0e15\u0e0b\u0e33\u0e27\u0e31\u0e19 follow up \u0e19\u0e30\u0e04\u0e30\r\n|\u0e08\u0e32\u0e01 \u0e2d\u0e23\u0e27\u0e34\u0e01\u0e32\u0e0d\u0e08\u0e19\u0e4c \u0e02\u0e2d\u0e1a\u0e04\u0e38\u0e13\u0e04\u0e48\u0e30|", "timestamp": "2013-02-18T17:00:00Z"}}, {"pk": 75, "model": "frontend.response", "fields": {"deleted": false, "record": 188, "nurse": 4, "reply_text": "\u0e40\u0e23\u0e32\u0e17\u0e1a\u0e17\u0e27\u0e19\u0e02\u0e49\u0e2d\u0e21\u0e39\u0e25\u0e02\u0e2d\u0e07\u0e04\u0e38\u0e13\u0e41\u0e25\u0e49\u0e27 \u0e44\u0e21\u0e48\u0e1b\u0e23\u0e31\u0e1a\u0e22\u0e32 \u0e43\u0e2b\u0e49\u0e17\u0e32\u0e19\u0e40\u0e2b\u0e21\u0e37\u0e2d\u0e19\u0e40\u0e14\u0e34\u0e21 \u0e02\u0e2d\u0e1a\u0e04\u0e38\u0e13\u0e04\u0e48\u0e30||", "timestamp": "2013-02-18T17:00:00Z"}}, {"pk": 76, "model": "frontend.response", "fields": {"deleted": false, "record": 198, "nurse": 4, "reply_text": "\u0e16\u0e49\u0e32\u0e19\u0e49\u0e33\u0e2b\u0e19\u0e31\u0e01\u0e04\u0e38\u0e13\u0e04\u0e07\u0e17\u0e35\u0e48 \u0e19\u0e2d\u0e19\u0e23\u0e32\u0e1a\u0e44\u0e14\u0e49 \u0e44\u0e21\u0e48\u0e40\u0e2b\u0e19\u0e37\u0e48\u0e2d\u0e22\u0e2b\u0e23\u0e37\u0e2d\u0e2b\u0e32\u0e22\u0e43\u0e25\u0e33\u0e1a\u0e32\u0e01 \u0e02\u0e32\u0e44\u0e21\u0e48\u0e1a\u0e27\u0e21 \u0e2a\u0e1a\u0e32\u0e22\u0e43\u0e08\u0e44\u0e14\u0e49\u0e40\u0e25\u0e22\u0e04\u0e48\u0e30\u0e27\u0e48\u0e32 \u0e04\u0e38\u0e13\u0e44\u0e21\u0e48\u0e15\u0e49\u0e2d\u0e07\u0e43\u0e0a\u0e49\u0e22\u0e32\u0e02\u0e31\u0e1a\u0e1b\u0e31\u0e2a\u0e2a\u0e32\u0e27\u0e30\u0e43\u0e19\u0e23\u0e30\u0e22\u0e30\u0e22\u0e32\u0e27\u0e44\u0e14\u0e49\u0e40\u0e25\u0e22||", "timestamp": "2013-02-18T17:00:00Z"}}, {"pk": 77, "model": "frontend.response", "fields": {"deleted": false, "record": 199, "nurse": 4, "reply_text": "Good weight ka.||", "timestamp": "2013-02-18T17:00:00Z"}}, {"pk": 78, "model": "frontend.response", "fields": {"deleted": false, "record": 200, "nurse": 4, "reply_text": "\u0e14\u0e35\u0e04\u0e48\u0e30 \u0e04\u0e38\u0e13 \u0e23\u0e31\u0e01\u0e29\u0e32\u0e19\u0e49\u0e32\u0e2b\u0e19\u0e31\u0e01\u0e44\u0e14\u0e49\u0e14\u0e35\u0e40\u0e22\u0e48\u0e35\u0e48\u0e22\u0e21\u0e40\u0e25\u0e22 \r\n\u0e41\u0e15\u0e48\u0e16\u0e49\u0e32\u0e19\u0e49\u0e33\u0e2b\u0e19\u0e31\u0e01\u0e02\u0e36\u0e49\u0e19\u0e40\u0e23\u0e47\u0e27 1-2 \u0e01\u0e34\u0e42\u0e25\u0e01\u0e23\u0e31\u0e21\u0e43\u0e19 1-3 \u0e27\u0e31\u0e19 \u0e15\u0e49\u0e2d\u0e07 alert \r\n|\u0e41\u0e15\u0e48\u0e16\u0e49\u0e32\u0e02\u0e36\u0e49\u0e19 1-2 \u0e01\u0e34\u0e42\u0e25\u0e01\u0e23\u0e31\u0e21\u0e43\u0e19 1 \u0e40\u0e14\u0e37\u0e2d\u0e19 \u0e2d\u0e32\u0e08\u0e08\u0e30\u0e40\u0e1b\u0e47\u0e19\u0e40\u0e19\u0e37\u0e49\u0e2d \u0e04\u0e37\u0e2d\u0e2d\u0e49\u0e27\u0e19\u0e02\u0e36\u0e49\u0e19\u0e2b\u0e19\u0e48\u0e2d\u0e22 \u0e44\u0e21\u0e48\u0e19\u0e48\u0e32\u0e40\u0e1b\u0e47\u0e19\u0e2b\u0e48\u0e27\u0e07\r\n\u0e08\u0e32\u0e01 \u0e2d\u0e23\u0e27\u0e34\u0e01\u0e32\u0e0d\u0e08\u0e19\u0e4c \u0e04\u0e48\u0e30|", "timestamp": "2013-02-18T17:00:00Z"}}, {"pk": 79, "model": "frontend.response", "fields": {"deleted": false, "record": 201, "nurse": 4, "reply_text": "\u0e0a\u0e48\u0e27\u0e07\u0e19\u0e35\u0e49\u0e19\u0e49\u0e32\u0e2b\u0e19\u0e31\u0e01\u0e14\u0e35\u0e40\u0e22\u0e35\u0e48\u0e22\u0e21\u0e04\u0e48\u0e30 46-47 \u0e01\u0e34\u0e42\u0e25\u0e01\u0e23\u0e31\u0e21 \u0e17\u0e32\u0e19\u0e22\u0e32 Lasix \u0e02\u0e19\u0e32\u0e14\u0e40\u0e14\u0e34\u0e21\u0e44\u0e1b\u0e01\u0e48\u0e2d\u0e19\u0e19\u0e30\u0e04\u0e30 \u0e04\u0e38\u0e21\u0e44\u0e27\u0e49\u0e01\u0e48\u0e2d\u0e19 \u0e08\u0e32\u0e01 \u0e2d\u0e23\u0e27\u0e34\u0e01\u0e32\u0e0d\u0e08\u0e19\u0e4c\u0e04\u0e48\u0e30||", "timestamp": "2013-02-18T17:00:00Z"}}, {"pk": 80, "model": "frontend.response", "fields": {"deleted": false, "record": 203, "nurse": 4, "reply_text": "\u0e22\u0e2d\u0e14\u0e40\u0e22\u0e35\u0e48\u0e22\u0e21\u0e04\u0e48\u0e30 \u0e22\u0e31\u0e07\u0e21\u0e35\u0e1b\u0e31\u0e0d\u0e2b\u0e32\u0e14\u0e49\u0e32\u0e19\u0e01\u0e23\u0e30\u0e40\u0e1e\u0e32\u0e30\u0e2d\u0e32\u0e2b\u0e32\u0e23\u0e2d\u0e22\u0e39\u0e48\u0e44\u0e2b\u0e21\u0e04\u0e30||", "timestamp": "2013-02-18T17:00:00Z"}}, {"pk": 81, "model": "frontend.response", "fields": {"deleted": false, "record": 204, "nurse": 4, "reply_text": "\u0e19\u0e49\u0e33\u0e2b\u0e19\u0e31\u0e01 ok \u0e19\u0e48\u0e32\u0e08\u0e30\u0e2b\u0e22\u0e38\u0e14 Lasix \u0e44\u0e14\u0e49 \u0e40\u0e14\u0e35\u0e4b\u0e22\u0e27\u0e23\u0e2d\u0e25\u0e38\u0e49\u0e19\u0e04\u0e48\u0e32\u0e01\u0e32\u0e23\u0e17\u0e33\u0e07\u0e32\u0e19\u0e02\u0e2d\u0e07\u0e44\u0e15 (BUN/Cr) \u0e27\u0e48\u0e32\u0e08\u0e30\u0e25\u0e14\u0e25\u0e07\u0e44\u0e2b\u0e21 (\u0e19\u0e48\u0e32\u0e08\u0e30\u0e25\u0e14\u0e25\u0e07\u0e04\u0e48\u0e30)|BP ok ka. \u0e16\u0e49\u0e32\u0e44\u0e21\u0e48\u0e21\u0e35\u0e21\u0e36\u0e19 \u0e40\u0e27\u0e35\u0e22\u0e19\u0e28\u0e35\u0e23\u0e29\u0e30 \u0e44\u0e21\u0e48\u0e19\u0e48\u0e32\u0e40\u0e1b\u0e47\u0e19\u0e2b\u0e48\u0e27\u0e07|\u0e23\u0e2d\u0e1c\u0e25 INR \u0e2d\u0e22\u0e39\u0e48\u0e19\u0e30\u0e04\u0e30", "timestamp": "2013-02-18T17:00:00Z"}}, {"pk": 82, "model": "frontend.response", "fields": {"deleted": false, "record": 205, "nurse": 4, "reply_text": "\u0e40\u0e23\u0e32\u0e17\u0e1a\u0e17\u0e27\u0e19\u0e02\u0e49\u0e2d\u0e21\u0e39\u0e25\u0e02\u0e2d\u0e07\u0e04\u0e38\u0e13\u0e41\u0e25\u0e49\u0e27 \u0e44\u0e21\u0e48\u0e1b\u0e23\u0e31\u0e1a\u0e22\u0e32 \u0e43\u0e2b\u0e49\u0e17\u0e32\u0e19\u0e40\u0e2b\u0e21\u0e37\u0e2d\u0e19\u0e40\u0e14\u0e34\u0e21 \u0e02\u0e2d\u0e1a\u0e04\u0e38\u0e13\u0e04\u0e48\u0e30||", "timestamp": "2013-02-18T17:00:00Z"}}, {"pk": 83, "model": "frontend.response", "fields": {"deleted": false, "record": 206, "nurse": 4, "reply_text": "\u0e22\u0e2d\u0e14\u0e40\u0e22\u0e35\u0e48\u0e22\u0e21\u0e04\u0e48\u0e30. BW = 73-74 kgs. is good weight of you.||", "timestamp": "2013-02-18T17:00:00Z"}}, {"pk": 84, "model": "frontend.response", "fields": {"deleted": false, "record": 207, "nurse": 4, "reply_text": "\u0e19\u0e49\u0e33\u0e2b\u0e19\u0e31\u0e01\u0e14\u0e35\u0e19\u0e30\u0e04\u0e30 \u0e16\u0e49\u0e32\u0e19\u0e19. \u0e25\u0e07\u0e16\u0e36\u0e07 45 \u0e19\u0e48\u0e32\u0e08\u0e30\u0e25\u0e2d\u0e07\u0e25\u0e14 Lasix 500 mg \u0e40\u0e1b\u0e47\u0e19 1/4 \u0e40\u0e21\u0e47\u0e14\r\n\r\n\u0e08\u0e32\u0e01 \u0e2d\u0e23\u0e27\u0e34\u0e01\u0e32\u0e0d\u0e08\u0e19\u0e4c||", "timestamp": "2013-02-18T17:00:00Z"}}, {"pk": 85, "model": "frontend.response", "fields": {"deleted": false, "record": 208, "nurse": 4, "reply_text": "\u0e23\u0e31\u0e1a\u0e1b\u0e23\u0e30\u0e17\u0e32\u0e19\u0e22\u0e32 warfarin \u0e02\u0e19\u0e32\u0e14\u0e40\u0e14\u0e34\u0e21\u0e19\u0e30\u0e04\u0e30 \u0e40\u0e1e\u0e23\u0e32\u0e30 INR \u0e2d\u0e22\u0e39\u0e48\u0e43\u0e19\u0e0a\u0e48\u0e27\u0e07 2.0-3.0 |\u0e40\u0e08\u0e32\u0e30\u0e0b\u0e49\u0e33\u0e27\u0e31\u0e19\u0e19\u0e31\u0e14\u0e15\u0e23\u0e27\u0e08\u0e17\u0e35\u0e48 Heart failure \u0e04\u0e23\u0e31\u0e49\u0e07\u0e2b\u0e19\u0e49\u0e32\u0e19\u0e30\u0e04\u0e30|\u0e2a\u0e48\u0e27\u0e19\u0e40\u0e23\u0e37\u0e48\u0e2d\u0e07\u0e04\u0e48\u0e32\u0e01\u0e32\u0e23\u0e17\u0e33\u0e07\u0e32\u0e19\u0e02\u0e2d\u0e07\u0e44\u0e15. \u0e44\u0e14\u0e49 review lab \u0e44\u0e27\u0e49\u0e1b\u0e35 2555 \u0e16\u0e36\u0e07\u0e15\u0e2d\u0e19\u0e19\u0e35\u0e49 \u0e41\u0e25\u0e30\u0e08\u0e30\u0e1b\u0e23\u0e47\u0e01\u0e29\u0e32\u0e2d.\u0e28\u0e23\u0e34\u0e0d\u0e0d\u0e32\u0e04\u0e48\u0e30", "timestamp": "2013-02-18T17:00:00Z"}}, {"pk": 86, "model": "frontend.response", "fields": {"deleted": false, "record": 209, "nurse": 4, "reply_text": "Excellence||", "timestamp": "2013-02-18T17:00:00Z"}}, {"pk": 88, "model": "frontend.response", "fields": {"deleted": false, "record": 213, "nurse": 1, "reply_text": "\u0e40\u0e23\u0e32\u0e17\u0e1a\u0e17\u0e27\u0e19\u0e02\u0e49\u0e2d\u0e21\u0e39\u0e25\u0e02\u0e2d\u0e07\u0e04\u0e38\u0e13\u0e41\u0e25\u0e49\u0e27 \u0e44\u0e21\u0e48\u0e1b\u0e23\u0e31\u0e1a\u0e22\u0e32 \u0e43\u0e2b\u0e49\u0e17\u0e32\u0e19\u0e40\u0e2b\u0e21\u0e37\u0e2d\u0e19\u0e40\u0e14\u0e34\u0e21 \u0e02\u0e2d\u0e1a\u0e04\u0e38\u0e13\u0e04\u0e48\u0e30||", "timestamp": "2013-02-20T04:02:37Z"}}, {"pk": 89, "model": "frontend.response", "fields": {"deleted": false, "record": 210, "nurse": 4, "reply_text": "\u0e40\u0e23\u0e32\u0e17\u0e1a\u0e17\u0e27\u0e19\u0e02\u0e49\u0e2d\u0e21\u0e39\u0e25\u0e02\u0e2d\u0e07\u0e04\u0e38\u0e13\u0e41\u0e25\u0e49\u0e27 \u0e44\u0e21\u0e48\u0e1b\u0e23\u0e31\u0e1a\u0e22\u0e32 \u0e43\u0e2b\u0e49\u0e17\u0e32\u0e19\u0e40\u0e2b\u0e21\u0e37\u0e2d\u0e19\u0e40\u0e14\u0e34\u0e21 \u0e02\u0e2d\u0e1a\u0e04\u0e38\u0e13\u0e04\u0e48\u0e30||", "timestamp": "2013-02-22T02:02:31Z"}}, {"pk": 90, "model": "frontend.response", "fields": {"deleted": false, "record": 211, "nurse": 4, "reply_text": "Good ka.||", "timestamp": "2013-02-22T02:02:58Z"}}, {"pk": 91, "model": "frontend.response", "fields": {"deleted": false, "record": 214, "nurse": 4, "reply_text": "\u0e40\u0e23\u0e32\u0e17\u0e1a\u0e17\u0e27\u0e19\u0e02\u0e49\u0e2d\u0e21\u0e39\u0e25\u0e02\u0e2d\u0e07\u0e04\u0e38\u0e13\u0e41\u0e25\u0e49\u0e27 \u0e44\u0e21\u0e48\u0e1b\u0e23\u0e31\u0e1a\u0e22\u0e32 \u0e43\u0e2b\u0e49\u0e17\u0e32\u0e19\u0e40\u0e2b\u0e21\u0e37\u0e2d\u0e19\u0e40\u0e14\u0e34\u0e21 \u0e02\u0e2d\u0e1a\u0e04\u0e38\u0e13\u0e04\u0e48\u0e30||", "timestamp": "2013-02-22T02:03:12Z"}}, {"pk": 92, "model": "frontend.response", "fields": {"deleted": false, "record": 215, "nurse": 4, "reply_text": "\u0e16\u0e49\u0e32\u0e44\u0e21\u0e48\u0e14\u0e35\u0e02\u0e36\u0e49\u0e19 \u0e41\u0e08\u0e49\u0e07\u0e19\u0e30\u0e04\u0e30||", "timestamp": "2013-02-22T02:03:51Z"}}, {"pk": 93, "model": "frontend.response", "fields": {"deleted": false, "record": 216, "nurse": 4, "reply_text": "Very good||", "timestamp": "2013-02-22T02:04:07Z"}}, {"pk": 94, "model": "frontend.response", "fields": {"deleted": false, "record": 217, "nurse": 4, "reply_text": "Good ka.||", "timestamp": "2013-02-22T02:04:22Z"}}, {"pk": 95, "model": "frontend.response", "fields": {"deleted": false, "record": 218, "nurse": 4, "reply_text": "\u0e44\u0e21\u0e48\u0e41\u0e19\u0e30\u0e19\u0e33\u0e43\u0e2b\u0e49\u0e17\u0e32\u0e19\u0e40\u0e2d\u0e07\u0e14\u0e35\u0e01\u0e27\u0e48\u0e32\u0e04\u0e48\u0e30 \r\n\u0e25\u0e2d\u0e07\u0e08\u0e34\u0e1a\u0e19\u0e49\u0e33\u0e2d\u0e38\u0e48\u0e19\u0e14\u0e39\u0e01\u0e48\u0e2d\u0e19 |\u0e16\u0e49\u0e32\u0e44\u0e21\u0e48\u0e14\u0e35\u0e02\u0e36\u0e49\u0e19 \u0e44\u0e1b\u0e04\u0e25\u0e34\u0e19\u0e34\u0e01\u0e43\u0e01\u0e25\u0e49\u0e1a\u0e49\u0e32\u0e19\u0e14\u0e35\u0e01\u0e27\u0e48\u0e32\u0e04\u0e48\u0e30|", "timestamp": "2013-02-22T02:05:47Z"}}, {"pk": 96, "model": "frontend.response", "fields": {"deleted": false, "record": 219, "nurse": 4, "reply_text": "\u0e1e\u0e23\u0e38\u0e48\u0e07\u0e19\u0e35\u0e49\u0e16\u0e49\u0e32 \u0e19\u0e19.=45 \u0e01\u0e27\u0e48\u0e32\u0e46 \u0e04\u0e38\u0e13\u0e41\u0e2d\u0e19\u0e25\u0e2d\u0e07\u0e43\u0e2b\u0e49\u0e04\u0e38\u0e13\u0e1e\u0e48\u0e2d\u0e25\u0e14 Lasix \u0e40\u0e1b\u0e47\u0e19 1/4 \u0e44\u0e2b\u0e21\u0e04\u0e30 |\u0e41\u0e25\u0e49\u0e27\u0e14\u0e39\u0e19\u0e19.\u0e15\u0e48\u0e2d\u0e16\u0e49\u0e32\u0e44\u0e21\u0e48\u0e40\u0e1e\u0e34\u0e48\u0e21\u0e02\u0e36\u0e49\u0e19\u0e01\u0e47\u0e25\u0e2d\u0e07\u0e17\u0e32\u0e19 1/4 |\u0e02\u0e2d\u0e1a\u0e04\u0e38\u0e13\u0e04\u0e48\u0e30\r\n\r\n\u0e2d\u0e23\u0e27\u0e34\u0e01\u0e32\u0e0d\u0e08\u0e19\u0e4c", "timestamp": "2013-02-22T02:08:23Z"}}, {"pk": 29, "model": "frontend.drug", "fields": {"record": 104, "amount": "1.0", "name": "lasix", "size": 40}}, {"pk": 30, "model": "frontend.drug", "fields": {"record": 105, "amount": "0.0", "name": "lasix", "size": 40}}, {"pk": 31, "model": "frontend.drug", "fields": {"record": 106, "amount": "0.5", "name": "lasix", "size": 40}}, {"pk": 33, "model": "frontend.drug", "fields": {"record": 108, "amount": "0.5", "name": "lasix", "size": 500}}, {"pk": 40, "model": "frontend.drug", "fields": {"record": 118, "amount": "0.5", "name": "lasix", "size": 500}}, {"pk": 41, "model": "frontend.drug", "fields": {"record": 119, "amount": "0.5", "name": "lasix", "size": 500}}, {"pk": 42, "model": "frontend.drug", "fields": {"record": 120, "amount": "0.5", "name": "lasix", "size": 500}}, {"pk": 44, "model": "frontend.drug", "fields": {"record": 122, "amount": "2.0", "name": "lasix", "size": 40}}, {"pk": 45, "model": "frontend.drug", "fields": {"record": 123, "amount": "0.5", "name": "lasix", "size": 500}}, {"pk": 46, "model": "frontend.drug", "fields": {"record": 124, "amount": "0.5", "name": "lasix", "size": 500}}, {"pk": 47, "model": "frontend.drug", "fields": {"record": 125, "amount": "0.5", "name": "lasix", "size": 500}}, {"pk": 53, "model": "frontend.drug", "fields": {"record": 133, "amount": "0.5", "name": "lasix", "size": 500}}, {"pk": 60, "model": "frontend.drug", "fields": {"record": 140, "amount": "0.5", "name": "lasix", "size": 500}}, {"pk": 73, "model": "frontend.drug", "fields": {"record": 157, "amount": "0.5", "name": "lasix", "size": 500}}, {"pk": 74, "model": "frontend.drug", "fields": {"record": 160, "amount": "0.5", "name": "lasix", "size": 500}}, {"pk": 75, "model": "frontend.drug", "fields": {"record": 161, "amount": "0.5", "name": "lasix", "size": 500}}, {"pk": 102, "model": "frontend.drug", "fields": {"record": 188, "amount": "0.5", "name": "lasix", "size": 500}}, {"pk": 112, "model": "frontend.drug", "fields": {"record": 198, "amount": "0.0", "name": "lasix", "size": 40}}, {"pk": 113, "model": "frontend.drug", "fields": {"record": 199, "amount": "0.0", "name": "lasix", "size": 40}}, {"pk": 114, "model": "frontend.drug", "fields": {"record": 200, "amount": "0.0", "name": "lasix", "size": 40}}, {"pk": 115, "model": "frontend.drug", "fields": {"record": 201, "amount": "0.5", "name": "lasix", "size": 500}}, {"pk": 117, "model": "frontend.drug", "fields": {"record": 203, "amount": "0.0", "name": "lasix", "size": 40}}, {"pk": 118, "model": "frontend.drug", "fields": {"record": 204, "amount": "0.0", "name": "lasix", "size": 40}}, {"pk": 119, "model": "frontend.drug", "fields": {"record": 205, "amount": "0.5", "name": "lasix", "size": 500}}, {"pk": 120, "model": "frontend.drug", "fields": {"record": 206, "amount": "0.0", "name": "lasix", "size": 40}}, {"pk": 121, "model": "frontend.drug", "fields": {"record": 207, "amount": "0.5", "name": "lasix", "size": 500}}, {"pk": 122, "model": "frontend.drug", "fields": {"record": 208, "amount": "0.0", "name": "lasix", "size": 40}}, {"pk": 123, "model": "frontend.drug", "fields": {"record": 209, "amount": "0.0", "name": "lasix", "size": 40}}, {"pk": 124, "model": "frontend.drug", "fields": {"record": 210, "amount": "0.5", "name": "lasix", "size": 500}}, {"pk": 125, "model": "frontend.drug", "fields": {"record": 211, "amount": "0.0", "name": "lasix", "size": 40}}, {"pk": 127, "model": "frontend.drug", "fields": {"record": 213, "amount": "3.0", "name": "lasix", "size": 40}}, {"pk": 128, "model": "frontend.drug", "fields": {"record": 214, "amount": "0.5", "name": "lasix", "size": 500}}, {"pk": 129, "model": "frontend.drug", "fields": {"record": 215, "amount": "0.0", "name": "lasix", "size": 40}}, {"pk": 130, "model": "frontend.drug", "fields": {"record": 216, "amount": "0.0", "name": "lasix", "size": 40}}, {"pk": 131, "model": "frontend.drug", "fields": {"record": 217, "amount": "0.5", "name": "lasix", "size": 500}}, {"pk": 132, "model": "frontend.drug", "fields": {"record": 218, "amount": "0.0", "name": "lasix", "size": 40}}, {"pk": 133, "model": "frontend.drug", "fields": {"record": 219, "amount": "0.5", "name": "lasix", "size": 500}}, {"pk": 134, "model": "frontend.drug", "fields": {"record": 220, "amount": "0.0", "name": "lasix", "size": 40}}, {"pk": 135, "model": "frontend.drug", "fields": {"record": 221, "amount": "0.0", "name": "lasix", "size": 40}}, {"pk": 15, "model": "frontend.pressure", "fields": {"down": 58, "record": 104, "up": 101}}, {"pk": 16, "model": "frontend.pressure", "fields": {"down": 61, "record": 105, "up": 104}}, {"pk": 17, "model": "frontend.pressure", "fields": {"down": 92, "record": 108, "up": 136}}, {"pk": 19, "model": "frontend.pressure", "fields": {"down": 72, "record": 122, "up": 107}}, {"pk": 28, "model": "frontend.pressure", "fields": {"down": 51, "record": 204, "up": 100}}, {"pk": 29, "model": "frontend.pressure", "fields": {"down": 57, "record": 208, "up": 99}}, {"pk": 30, "model": "frontend.pressure", "fields": {"down": 61, "record": 215, "up": 118}}, {"pk": 31, "model": "frontend.pressure", "fields": {"down": 58, "record": 218, "up": 112}}, {"pk": 160, "model": "frontend.weight", "fields": {"record": 104, "weight": "68.0"}}, {"pk": 161, "model": "frontend.weight", "fields": {"record": 105, "weight": "52.0"}}, {"pk": 162, "model": "frontend.weight", "fields": {"record": 106, "weight": "50.8"}}, {"pk": 164, "model": "frontend.weight", "fields": {"record": 108, "weight": "71.8"}}, {"pk": 167, "model": "frontend.weight", "fields": {"record": 111, "weight": "56.0"}}, {"pk": 174, "model": "frontend.weight", "fields": {"record": 118, "weight": "48.7"}}, {"pk": 175, "model": "frontend.weight", "fields": {"record": 119, "weight": "49.1"}}, {"pk": 176, "model": "frontend.weight", "fields": {"record": 120, "weight": "49.4"}}, {"pk": 178, "model": "frontend.weight", "fields": {"record": 122, "weight": "71.1"}}, {"pk": 179, "model": "frontend.weight", "fields": {"record": 123, "weight": "47.7"}}, {"pk": 180, "model": "frontend.weight", "fields": {"record": 124, "weight": "47.1"}}, {"pk": 181, "model": "frontend.weight", "fields": {"record": 125, "weight": "47.1"}}, {"pk": 189, "model": "frontend.weight", "fields": {"record": 133, "weight": "48.0"}}, {"pk": 196, "model": "frontend.weight", "fields": {"record": 140, "weight": "49.4"}}, {"pk": 213, "model": "frontend.weight", "fields": {"record": 157, "weight": "48.8"}}, {"pk": 216, "model": "frontend.weight", "fields": {"record": 160, "weight": "48.4"}}, {"pk": 217, "model": "frontend.weight", "fields": {"record": 161, "weight": "47.8"}}, {"pk": 244, "model": "frontend.weight", "fields": {"record": 188, "weight": "47.0"}}, {"pk": 254, "model": "frontend.weight", "fields": {"record": 198, "weight": "73.0"}}, {"pk": 255, "model": "frontend.weight", "fields": {"record": 199, "weight": "73.0"}}, {"pk": 256, "model": "frontend.weight", "fields": {"record": 200, "weight": "74.0"}}, {"pk": 257, "model": "frontend.weight", "fields": {"record": 201, "weight": "46.6"}}, {"pk": 259, "model": "frontend.weight", "fields": {"record": 203, "weight": "74.0"}}, {"pk": 260, "model": "frontend.weight", "fields": {"record": 204, "weight": "52.5"}}, {"pk": 261, "model": "frontend.weight", "fields": {"record": 205, "weight": "47.2"}}, {"pk": 262, "model": "frontend.weight", "fields": {"record": 206, "weight": "73.0"}}, {"pk": 263, "model": "frontend.weight", "fields": {"record": 207, "weight": "46.6"}}, {"pk": 264, "model": "frontend.weight", "fields": {"record": 208, "weight": "52.0"}}, {"pk": 265, "model": "frontend.weight", "fields": {"record": 209, "weight": "73.0"}}, {"pk": 266, "model": "frontend.weight", "fields": {"record": 210, "weight": "47.2"}}, {"pk": 267, "model": "frontend.weight", "fields": {"record": 211, "weight": "72.0"}}, {"pk": 269, "model": "frontend.weight", "fields": {"record": 213, "weight": "82.7"}}, {"pk": 270, "model": "frontend.weight", "fields": {"record": 214, "weight": "46.7"}}, {"pk": 271, "model": "frontend.weight", "fields": {"record": 215, "weight": "50.8"}}, {"pk": 272, "model": "frontend.weight", "fields": {"record": 216, "weight": "73.0"}}, {"pk": 273, "model": "frontend.weight", "fields": {"record": 217, "weight": "46.4"}}, {"pk": 274, "model": "frontend.weight", "fields": {"record": 218, "weight": "51.3"}}, {"pk": 275, "model": "frontend.weight", "fields": {"record": 219, "weight": "45.9"}}, {"pk": 276, "model": "frontend.weight", "fields": {"record": 220, "weight": "72.0"}}, {"pk": 277, "model": "frontend.weight", "fields": {"record": 221, "weight": "73.0"}}, {"pk": 2, "model": "frontend.sign", "fields": {"record": 105, "sign": "\r\n\r\n\u0e19\u0e49\u0e33\u0e2b\u0e19\u0e31\u0e01\u0e04\u0e07\u0e17\u0e35\u0e48 \u0e44\u0e21\u0e48\u0e1a\u0e27\u0e21 \u0e44\u0e21\u0e48\u0e40\u0e2b\u0e19\u0e37\u0e48\u0e2d\u0e22 \u0e2d.\u0e07\u0e14\u0e22\u0e32\u0e02\u0e31\u0e1a\u0e1b\u0e31\u0e2a\u0e2a\u0e32\u0e27\u0e30 23/01/13\r\n\r\n\r\n"}}, {"pk": 3, "model": "frontend.sign", "fields": {"record": 118, "sign": "\u0e1b\u0e01\u0e15\u0e34"}}, {"pk": 4, "model": "frontend.sign", "fields": {"record": 119, "sign": "\u0e25\u0e32\u0e0b\u0e34\u0e01\u0e43\u0e0a\u0e49 3/4 \u0e40\u0e21\u0e47\u0e14 \u0e2d\u0e32\u0e01\u0e32\u0e23\u0e1b\u0e01\u0e15\u0e34"}}, {"pk": 5, "model": "frontend.sign", "fields": {"record": 120, "sign": "\u0e43\u0e0a\u0e49\u0e25\u0e32\u0e0b\u0e34\u0e01 3/4 \u0e40\u0e21\u0e47\u0e14"}}, {"pk": 6, "model": "frontend.sign", "fields": {"record": 124, "sign": "\u0e1b\u0e01\u0e15\u0e34"}}, {"pk": 7, "model": "frontend.sign", "fields": {"record": 125, "sign": "\u0e1b\u0e01\u0e15\u0e34"}}, {"pk": 8, "model": "frontend.sign", "fields": {"record": 133, "sign": "\u0e1b\u0e01\u0e15\u0e34\u0e04\u0e48\u0e30"}}, {"pk": 14, "model": "frontend.sign", "fields": {"record": 201, "sign": "\u0e1b\u0e01\u0e15\u0e34\u0e04\u0e48\u0e30"}}, {"pk": 15, "model": "frontend.sign", "fields": {"record": 204, "sign": "\u0e04\u0e27\u0e32\u0e21\u0e14\u0e31\u0e19\u0e15\u0e31\u0e27\u0e25\u0e48\u0e32\u0e07\u0e14\u0e39\u0e15\u0e48\u0e33\u0e44\u0e1b\u0e21\u0e31\u0e49\u0e22\u0e04\u0e30 \u0e41\u0e15\u0e48\u0e43\u0e0a\u0e49\u0e40\u0e04\u0e23\u0e37\u0e48\u0e2d\u0e07\u0e27\u0e31\u0e14\u0e40\u0e2d\u0e07\u0e08\u0e30\u0e1b\u0e23\u0e30\u0e21\u0e32\u0e13\u0e19\u0e35\u0e49 \u0e16\u0e49\u0e32\u0e44\u0e1b\u0e27\u0e31\u0e14\u0e23\u0e49\u0e32\u0e19\u0e2b\u0e21\u0e2d\u0e08\u0e30\u0e1b\u0e23\u0e30\u0e21\u0e32\u0e13 110 \u0e01\u0e27\u0e48\u0e32/70 \u0e01\u0e27\u0e48\u0e32"}}, {"pk": 16, "model": "frontend.sign", "fields": {"record": 208, "sign": "\u0e15\u0e2d\u0e19\u0e19\u0e35\u0e49\u0e40\u0e2b\u0e25\u0e37\u0e2d\u0e2d\u0e32\u0e01\u0e32\u0e23\u0e40\u0e1e\u0e25\u0e35\u0e22 \u0e40\u0e2a\u0e21\u0e2b\u0e30\u0e40\u0e22\u0e2d\u0e30 \u0e04\u0e25\u0e37\u0e48\u0e19\u0e44\u0e2a\u0e49 \u0e08\u0e32\u0e01\u0e2b\u0e27\u0e31\u0e14\u0e25\u0e07\u0e04\u0e2d \u0e2d\u0e32\u0e01\u0e32\u0e23\u0e2d\u0e37\u0e48\u0e19\u0e22\u0e31\u0e07\u0e42\u0e2d\u0e40\u0e04\u0e04\u0e48\u0e30 INR \u0e40\u0e08\u0e32\u0e30\u0e40\u0e25\u0e37\u0e2d\u0e14\u0e27\u0e31\u0e19\u0e19\u0e35\u0e49 2.74 "}}, {"pk": 18, "model": "frontend.sign", "fields": {"record": 213, "sign": "\u0e1e\u0e1a\u0e41\u0e1e\u0e17\u0e22\u0e4c"}}, {"pk": 19, "model": "frontend.sign", "fields": {"record": 215, "sign": "\u0e21\u0e35\u0e2d\u0e32\u0e01\u0e32\u0e23\u0e04\u0e25\u0e37\u0e48\u0e19\u0e44\u0e2a\u0e49\u0e15\u0e2d\u0e19\u0e17\u0e49\u0e2d\u0e07\u0e27\u0e48\u0e32\u0e07 \u0e41\u0e19\u0e30\u0e43\u0e2b\u0e49\u0e17\u0e32\u0e19\u0e2d\u0e32\u0e2b\u0e32\u0e23\u0e43\u0e2b\u0e49\u0e15\u0e23\u0e07\u0e40\u0e27\u0e25\u0e32 \u0e44\u0e21\u0e48\u0e1b\u0e25\u0e48\u0e2d\u0e22\u0e43\u0e2b\u0e49\u0e2b\u0e34\u0e27 \u0e2d\u0e32\u0e01\u0e32\u0e23\u0e2d\u0e37\u0e48\u0e19\u0e1b\u0e01\u0e15\u0e34"}}, {"pk": 20, "model": "frontend.sign", "fields": {"record": 218, "sign": "\u0e21\u0e35\u0e2d\u0e32\u0e01\u0e32\u0e23\u0e44\u0e2d\u0e21\u0e35\u0e40\u0e2a\u0e21\u0e2b\u0e30\u0e2a\u0e35\u0e40\u0e2b\u0e25\u0e37\u0e2d\u0e07 \u0e43\u0e2b\u0e49\u0e17\u0e32\u0e19\u0e22\u0e32\u0e41\u0e01\u0e49\u0e44\u0e2d\u0e1f\u0e25\u0e39\u0e2d\u0e34\u0e1f\u0e2d\u0e23\u0e4c\u0e17\u0e44\u0e14\u0e49\u0e21\u0e31\u0e49\u0e22\u0e04\u0e30 \u0e02\u0e2d\u0e1a\u0e04\u0e38\u0e13\u0e04\u0e48\u0e30"}}]