[{"pk": 1, "model": "frontend.patient", "fields": {"lastname": "\u0e2a\u0e38\u0e01\u0e1b\u0e25\u0e31\u0e48\u0e07", "contact_number": "0860216060", "hn": "2466", "firstname": "\u0e0a\u0e22\u0e27\u0e38\u0e12\u0e34"}}, {"pk": 2, "model": "frontend.patient", "fields": {"lastname": "\u0e23\u0e07\u0e23\u0e2d\u0e07", "contact_number": "0860216000", "hn": "2467", "firstname": "\u0e2a\u0e38\u0e17\u0e31\u0e28"}}, {"pk": 3, "model": "frontend.patient", "fields": {"lastname": "\u0e01\u0e2a\u0e34\u0e01\u0e23", "contact_number": "08668898", "hn": "2468", "firstname": "\u0e18\u0e19\u0e32\u0e04\u0e32\u0e23"}}, {"pk": 4, "model": "frontend.patient", "fields": {"lastname": "test", "contact_number": "0834908", "hn": "2469", "firstname": "bok"}}, {"pk": 1, "model": "frontend.record", "fields": {"status": "\u0e15\u0e2d\u0e1a\u0e01\u0e25\u0e31\u0e1a\u0e41\u0e25\u0e49\u0e27", "voicemail": "", "patient": 1, "datetime": "2012-11-06T05:13:49Z"}}, {"pk": 2, "model": "frontend.record", "fields": {"status": "\u0e15\u0e2d\u0e1a\u0e01\u0e25\u0e31\u0e1a\u0e41\u0e25\u0e49\u0e27", "voicemail": "", "patient": 1, "datetime": "2012-11-05T05:13:49Z"}}, {"pk": 3, "model": "frontend.record", "fields": {"status": "\u0e15\u0e2d\u0e1a\u0e01\u0e25\u0e31\u0e1a\u0e41\u0e25\u0e49\u0e27", "voicemail": "", "patient": 1, "datetime": "2012-11-07T05:13:49.671Z"}}, {"pk": 4, "model": "frontend.record", "fields": {"status": "\u0e25\u0e1a", "voicemail": "", "patient": 1, "datetime": "2012-11-07T05:13:49.671Z"}}, {"pk": 5, "model": "frontend.record", "fields": {"status": "\u0e15\u0e2d\u0e1a\u0e01\u0e25\u0e31\u0e1a\u0e41\u0e25\u0e49\u0e27", "voicemail": "", "patient": 1, "datetime": "2012-11-07T05:13:49.671Z"}}, {"pk": 6, "model": "frontend.record", "fields": {"status": "\u0e15\u0e2d\u0e1a\u0e01\u0e25\u0e31\u0e1a\u0e41\u0e25\u0e49\u0e27", "voicemail": "", "patient": 1, "datetime": "2012-11-07T05:13:49.671Z"}}, {"pk": 7, "model": "frontend.record", "fields": {"status": "\u0e15\u0e2d\u0e1a\u0e01\u0e25\u0e31\u0e1a\u0e41\u0e25\u0e49\u0e27", "voicemail": "", "patient": 1, "datetime": "2012-11-07T05:13:49.671Z"}}, {"pk": 8, "model": "frontend.record", "fields": {"status": "\u0e15\u0e2d\u0e1a\u0e01\u0e25\u0e31\u0e1a\u0e41\u0e25\u0e49\u0e27", "voicemail": "", "patient": 4, "datetime": "2012-11-08T08:40:58.519Z"}}, {"pk": 9, "model": "frontend.record", "fields": {"status": "\u0e15\u0e2d\u0e1a\u0e01\u0e25\u0e31\u0e1a\u0e41\u0e25\u0e49\u0e27", "voicemail": "", "patient": 2, "datetime": "2012-11-08T08:40:58.519Z"}}, {"pk": 10, "model": "frontend.record", "fields": {"status": "\u0e15\u0e2d\u0e1a\u0e01\u0e25\u0e31\u0e1a\u0e41\u0e25\u0e49\u0e27", "voicemail": "", "patient": 1, "datetime": "2012-11-08T08:40:58.519Z"}}, {"pk": 11, "model": "frontend.record", "fields": {"status": "\u0e15\u0e2d\u0e1a\u0e01\u0e25\u0e31\u0e1a\u0e41\u0e25\u0e49\u0e27", "voicemail": "", "patient": 1, "datetime": "2012-11-08T08:40:58.519Z"}}, {"pk": 12, "model": "frontend.record", "fields": {"status": "\u0e25\u0e1a", "voicemail": "", "patient": 1, "datetime": "2012-11-08T16:06:29.286Z"}}, {"pk": 15, "model": "frontend.record", "fields": {"status": "\u0e15\u0e2d\u0e1a\u0e01\u0e25\u0e31\u0e1a\u0e41\u0e25\u0e49\u0e27", "voicemail": "", "patient": 3, "datetime": "2012-11-09T05:44:28.492Z"}}, {"pk": 16, "model": "frontend.record", "fields": {"status": "\u0e25\u0e1a", "voicemail": "", "patient": 1, "datetime": "2012-11-09T08:15:45.743Z"}}, {"pk": 17, "model": "frontend.record", "fields": {"status": "\u0e25\u0e1a", "voicemail": "", "patient": 1, "datetime": "2012-11-09T08:15:45.743Z"}}, {"pk": 18, "model": "frontend.record", "fields": {"status": "\u0e15\u0e2d\u0e1a\u0e01\u0e25\u0e31\u0e1a\u0e41\u0e25\u0e49\u0e27", "voicemail": "", "patient": 1, "datetime": "2012-11-09T16:11:40.588Z"}}, {"pk": 19, "model": "frontend.record", "fields": {"status": "\u0e15\u0e2d\u0e1a\u0e01\u0e25\u0e31\u0e1a\u0e41\u0e25\u0e49\u0e27", "voicemail": "", "patient": 1, "datetime": "2012-11-09T18:10:30.232Z"}}, {"pk": 1, "model": "frontend.response", "fields": {"deleted": false, "record": 1, "nurse": 1, "reply_text": "\u0e40\u0e23\u0e32\u0e17\u0e1a\u0e17\u0e27\u0e19\u0e02\u0e49\u0e2d\u0e21\u0e39\u0e25\u0e02\u0e2d\u0e07\u0e04\u0e38\u0e13\u0e41\u0e25\u0e49\u0e27 \u0e44\u0e21\u0e48\u0e1b\u0e23\u0e31\u0e1a\u0e22\u0e32 \u0e43\u0e2b\u0e49\u0e17\u0e32\u0e19\u0e40\u0e2b\u0e21\u0e37\u0e2d\u0e19\u0e40\u0e14\u0e34\u0e21 \u0e02\u0e2d\u0e1a\u0e04\u0e38\u0e13\u0e04\u0e48\u0e30|Advance Heart failure Clinic \u0e42\u0e23\u0e07\u0e1e\u0e22\u0e32\u0e1a\u0e32\u0e25\u0e08\u0e38\u0e2c\u0e32\u0e25\u0e07\u0e01\u0e23\u0e13\u0e4c|"}}, {"pk": 2, "model": "frontend.response", "fields": {"deleted": false, "record": 2, "nurse": 1, "reply_text": "\u0e40\u0e23\u0e32\u0e17\u0e1a\u0e17\u0e27\u0e19\u0e02\u0e49\u0e2d\u0e21\u0e39\u0e25\u0e02\u0e2d\u0e07\u0e04\u0e38\u0e13\u0e41\u0e25\u0e49\u0e27 \u0e44\u0e21\u0e48\u0e1b\u0e23\u0e31\u0e1a\u0e22\u0e32 \u0e43\u0e2b\u0e49\u0e17\u0e32\u0e19\u0e40\u0e2b\u0e21\u0e37\u0e2d\u0e19\u0e40\u0e14\u0e34\u0e21 \u0e02\u0e2d\u0e1a\u0e04\u0e38\u0e13\u0e04\u0e48\u0e30|Advance Heart failure Clinic \u0e42\u0e23\u0e07\u0e1e\u0e22\u0e32\u0e1a\u0e32\u0e25\u0e08\u0e38\u0e2c\u0e32\u0e25\u0e07\u0e01\u0e23\u0e13\u0e4c|"}}, {"pk": 3, "model": "frontend.response", "fields": {"deleted": false, "record": 3, "nurse": 1, "reply_text": "\u0e40\u0e23\u0e32\u0e17\u0e1a\u0e17\u0e27\u0e19\u0e02\u0e49\u0e2d\u0e21\u0e39\u0e25\u0e02\u0e2d\u0e07\u0e04\u0e38\u0e13\u0e41\u0e25\u0e49\u0e27 \u0e44\u0e21\u0e48\u0e1b\u0e23\u0e31\u0e1a\u0e22\u0e32 \u0e43\u0e2b\u0e49\u0e17\u0e32\u0e19\u0e40\u0e2b\u0e21\u0e37\u0e2d\u0e19\u0e40\u0e14\u0e34\u0e21 \u0e02\u0e2d\u0e1a\u0e04\u0e38\u0e13\u0e04\u0e48\u0e30|Advance Heart failure Clinic \u0e42\u0e23\u0e07\u0e1e\u0e22\u0e32\u0e1a\u0e32\u0e25\u0e08\u0e38\u0e2c\u0e32\u0e25\u0e07\u0e01\u0e23\u0e13\u0e4c|"}}, {"pk": 4, "model": "frontend.response", "fields": {"deleted": true, "record": 4, "nurse": 1, "reply_text": ""}}, {"pk": 5, "model": "frontend.response", "fields": {"deleted": false, "record": 5, "nurse": 1, "reply_text": "\u0e40\u0e23\u0e32\u0e17\u0e1a\u0e17\u0e27\u0e19\u0e02\u0e49\u0e2d\u0e21\u0e39\u0e25\u0e02\u0e2d\u0e07\u0e04\u0e38\u0e13\u0e41\u0e25\u0e49\u0e27 \u0e44\u0e21\u0e48\u0e1b\u0e23\u0e31\u0e1a\u0e22\u0e32 \u0e43\u0e2b\u0e49\u0e17\u0e32\u0e19\u0e40\u0e2b\u0e21\u0e37\u0e2d\u0e19\u0e40\u0e14\u0e34\u0e21 \u0e02\u0e2d\u0e1a\u0e04\u0e38\u0e13\u0e04\u0e48\u0e30|Advance Heart failure Clinic \u0e42\u0e23\u0e07\u0e1e\u0e22\u0e32\u0e1a\u0e32\u0e25\u0e08\u0e38\u0e2c\u0e32\u0e25\u0e07\u0e01\u0e23\u0e13\u0e4c|"}}, {"pk": 6, "model": "frontend.response", "fields": {"deleted": false, "record": 6, "nurse": 1, "reply_text": "\u0e40\u0e23\u0e32\u0e17\u0e1a\u0e17\u0e27\u0e19\u0e02\u0e49\u0e2d\u0e21\u0e39\u0e25\u0e02\u0e2d\u0e07\u0e04\u0e38\u0e13\u0e41\u0e25\u0e49\u0e27 \u0e44\u0e21\u0e48\u0e1b\u0e23\u0e31\u0e1a\u0e22\u0e32 \u0e43\u0e2b\u0e49\u0e17\u0e32\u0e19\u0e40\u0e2b\u0e21\u0e37\u0e2d\u0e19\u0e40\u0e14\u0e34\u0e21 \u0e02\u0e2d\u0e1a\u0e04\u0e38\u0e13\u0e04\u0e48\u0e30|Advance Heart failure Clinic \u0e42\u0e23\u0e07\u0e1e\u0e22\u0e32\u0e1a\u0e32\u0e25\u0e08\u0e38\u0e2c\u0e32\u0e25\u0e07\u0e01\u0e23\u0e13\u0e4c|"}}, {"pk": 7, "model": "frontend.response", "fields": {"deleted": false, "record": 7, "nurse": 1, "reply_text": "\u0e40\u0e23\u0e32\u0e17\u0e1a\u0e17\u0e27\u0e19\u0e02\u0e49\u0e2d\u0e21\u0e39\u0e25\u0e02\u0e2d\u0e07\u0e04\u0e38\u0e13\u0e41\u0e25\u0e49\u0e27 \u0e04\u0e07\u0e15\u0e49\u0e2d\u0e07\u0e21\u0e35\u0e01\u0e32\u0e23\u0e1b\u0e23\u0e31\u0e1a\u0e22\u0e32|\u0e40\u0e23\u0e32\u0e08\u0e30\u0e15\u0e34\u0e14\u0e15\u0e48\u0e2d\u0e01\u0e25\u0e31\u0e1a\u0e20\u0e32\u0e22\u0e43\u0e19 24 \u0e0b\u0e21.\u0e19\u0e30\u0e04\u0e30 \u0e2b\u0e32\u0e01\u0e21\u0e35\u0e1b\u0e31\u0e0d\u0e2b\u0e32\u0e15\u0e34\u0e14\u0e15\u0e48\u0e2d 0813839302|Advance Heart failure Clinic \u0e42\u0e23\u0e07\u0e1e\u0e22\u0e32\u0e1a\u0e32\u0e25\u0e08\u0e38\u0e2c\u0e32\u0e25\u0e07\u0e01\u0e23\u0e13\u0e4c"}}, {"pk": 8, "model": "frontend.response", "fields": {"deleted": false, "record": 8, "nurse": 1, "reply_text": "\u0e40\u0e23\u0e32\u0e17\u0e1a\u0e17\u0e27\u0e19\u0e02\u0e49\u0e2d\u0e21\u0e39\u0e25\u0e02\u0e2d\u0e07\u0e04\u0e38\u0e13\u0e41\u0e25\u0e49\u0e27 \u0e44\u0e21\u0e48\u0e1b\u0e23\u0e31\u0e1a\u0e22\u0e32 \u0e43\u0e2b\u0e49\u0e17\u0e32\u0e19\u0e40\u0e2b\u0e21\u0e37\u0e2d\u0e19\u0e40\u0e14\u0e34\u0e21 \u0e02\u0e2d\u0e1a\u0e04\u0e38\u0e13\u0e04\u0e48\u0e30|Advance Heart failure Clinic \u0e42\u0e23\u0e07\u0e1e\u0e22\u0e32\u0e1a\u0e32\u0e25\u0e08\u0e38\u0e2c\u0e32\u0e25\u0e07\u0e01\u0e23\u0e13\u0e4c|"}}, {"pk": 9, "model": "frontend.response", "fields": {"deleted": false, "record": 9, "nurse": 1, "reply_text": "\u0e40\u0e23\u0e32\u0e17\u0e1a\u0e17\u0e27\u0e19\u0e02\u0e49\u0e2d\u0e21\u0e39\u0e25\u0e02\u0e2d\u0e07\u0e04\u0e38\u0e13\u0e41\u0e25\u0e49\u0e27 \u0e44\u0e21\u0e48\u0e1b\u0e23\u0e31\u0e1a\u0e22\u0e32 \u0e43\u0e2b\u0e49\u0e17\u0e32\u0e19\u0e40\u0e2b\u0e21\u0e37\u0e2d\u0e19\u0e40\u0e14\u0e34\u0e21 \u0e02\u0e2d\u0e1a\u0e04\u0e38\u0e13\u0e04\u0e48\u0e30|Advance Heart failure Clinic \u0e42\u0e23\u0e07\u0e1e\u0e22\u0e32\u0e1a\u0e32\u0e25\u0e08\u0e38\u0e2c\u0e32\u0e25\u0e07\u0e01\u0e23\u0e13\u0e4c|"}}, {"pk": 10, "model": "frontend.response", "fields": {"deleted": false, "record": 10, "nurse": 1, "reply_text": "\u0e40\u0e23\u0e32\u0e17\u0e1a\u0e17\u0e27\u0e19\u0e02\u0e49\u0e2d\u0e21\u0e39\u0e25\u0e02\u0e2d\u0e07\u0e04\u0e38\u0e13\u0e41\u0e25\u0e49\u0e27 \u0e04\u0e07\u0e15\u0e49\u0e2d\u0e07\u0e21\u0e35\u0e01\u0e32\u0e23\u0e1b\u0e23\u0e31\u0e1a\u0e22\u0e32|\u0e40\u0e23\u0e32\u0e08\u0e30\u0e15\u0e34\u0e14\u0e15\u0e48\u0e2d\u0e01\u0e25\u0e31\u0e1a\u0e20\u0e32\u0e22\u0e43\u0e19 24 \u0e0b\u0e21.\u0e19\u0e30\u0e04\u0e30 \u0e2b\u0e32\u0e01\u0e21\u0e35\u0e1b\u0e31\u0e0d\u0e2b\u0e32\u0e15\u0e34\u0e14\u0e15\u0e48\u0e2d 0813839302|Advance Heart failure Clinic \u0e42\u0e23\u0e07\u0e1e\u0e22\u0e32\u0e1a\u0e32\u0e25\u0e08\u0e38\u0e2c\u0e32\u0e25\u0e07\u0e01\u0e23\u0e13\u0e4c"}}, {"pk": 11, "model": "frontend.response", "fields": {"deleted": false, "record": 11, "nurse": 1, "reply_text": "\u0e40\u0e23\u0e32\u0e17\u0e1a\u0e17\u0e27\u0e19\u0e02\u0e49\u0e2d\u0e21\u0e39\u0e25\u0e02\u0e2d\u0e07\u0e04\u0e38\u0e13\u0e41\u0e25\u0e49\u0e27 \u0e44\u0e21\u0e48\u0e1b\u0e23\u0e31\u0e1a\u0e22\u0e32 \u0e43\u0e2b\u0e49\u0e17\u0e32\u0e19\u0e40\u0e2b\u0e21\u0e37\u0e2d\u0e19\u0e40\u0e14\u0e34\u0e21 \u0e02\u0e2d\u0e1a\u0e04\u0e38\u0e13\u0e04\u0e48\u0e30|Advance Heart failure Clinic \u0e42\u0e23\u0e07\u0e1e\u0e22\u0e32\u0e1a\u0e32\u0e25\u0e08\u0e38\u0e2c\u0e32\u0e25\u0e07\u0e01\u0e23\u0e13\u0e4c|"}}, {"pk": 12, "model": "frontend.response", "fields": {"deleted": true, "record": 12, "nurse": 1, "reply_text": ""}}, {"pk": 14, "model": "frontend.response", "fields": {"deleted": false, "record": 15, "nurse": 1, "reply_text": "\u0e40\u0e23\u0e32\u0e17\u0e1a\u0e17\u0e27\u0e19\u0e02\u0e49\u0e2d\u0e21\u0e39\u0e25\u0e02\u0e2d\u0e07\u0e04\u0e38\u0e13\u0e41\u0e25\u0e49\u0e27 \u0e44\u0e21\u0e48\u0e1b\u0e23\u0e31\u0e1a\u0e22\u0e32 \u0e43\u0e2b\u0e49\u0e17\u0e32\u0e19\u0e40\u0e2b\u0e21\u0e37\u0e2d\u0e19\u0e40\u0e14\u0e34\u0e21 \u0e02\u0e2d\u0e1a\u0e04\u0e38\u0e13\u0e04\u0e48\u0e30|Advance Heart failure Clinic \u0e42\u0e23\u0e07\u0e1e\u0e22\u0e32\u0e1a\u0e32\u0e25\u0e08\u0e38\u0e2c\u0e32\u0e25\u0e07\u0e01\u0e23\u0e13\u0e4c|"}}, {"pk": 15, "model": "frontend.response", "fields": {"deleted": true, "record": 16, "nurse": 1, "reply_text": ""}}, {"pk": 16, "model": "frontend.response", "fields": {"deleted": true, "record": 17, "nurse": 1, "reply_text": ""}}, {"pk": 17, "model": "frontend.response", "fields": {"deleted": true, "record": 18, "nurse": 1, "reply_text": "\u0e40\u0e23\u0e32\u0e17\u0e1a\u0e17\u0e27\u0e19\u0e02\u0e49\u0e2d\u0e21\u0e39\u0e25\u0e02\u0e2d\u0e07\u0e04\u0e38\u0e13\u0e41\u0e25\u0e49\u0e27 \u0e44\u0e21\u0e48\u0e1b\u0e23\u0e31\u0e1a\u0e22\u0e32 \u0e43\u0e2b\u0e49\u0e17\u0e32\u0e19\u0e40\u0e2b\u0e21\u0e37\u0e2d\u0e19\u0e40\u0e14\u0e34\u0e21 \u0e02\u0e2d\u0e1a\u0e04\u0e38\u0e13\u0e04\u0e48\u0e30||"}}, {"pk": 18, "model": "frontend.response", "fields": {"deleted": false, "record": 19, "nurse": 1, "reply_text": "\u0e40\u0e23\u0e32\u0e17\u0e1a\u0e17\u0e27\u0e19\u0e02\u0e49\u0e2d\u0e21\u0e39\u0e25\u0e02\u0e2d\u0e07\u0e04\u0e38\u0e13\u0e41\u0e25\u0e49\u0e27 \u0e44\u0e21\u0e48\u0e1b\u0e23\u0e31\u0e1a\u0e22\u0e32 \u0e43\u0e2b\u0e49\u0e17\u0e32\u0e19\u0e40\u0e2b\u0e21\u0e37\u0e2d\u0e19\u0e40\u0e14\u0e34\u0e21 \u0e02\u0e2d\u0e1a\u0e04\u0e38\u0e13\u0e04\u0e48\u0e30||"}}, {"pk": 1, "model": "frontend.drug", "fields": {"record": 1, "amount": "1", "size": 40, "period": "morning", "name": "lasix"}}, {"pk": 2, "model": "frontend.drug", "fields": {"record": 1, "amount": "1", "size": 40, "period": "afternoon", "name": "lasix"}}, {"pk": 3, "model": "frontend.drug", "fields": {"record": 2, "amount": "2", "size": 40, "period": "morning", "name": "lasix"}}, {"pk": 4, "model": "frontend.drug", "fields": {"record": 3, "amount": "1", "size": 40, "period": "evening", "name": "lasix"}}, {"pk": 5, "model": "frontend.drug", "fields": {"record": 6, "amount": "1", "size": 500, "period": "afternoon", "name": "lasix"}}, {"pk": 6, "model": "frontend.drug", "fields": {"record": 12, "amount": "1.5", "size": 40, "period": "afternoon", "name": "lasix"}}, {"pk": 7, "model": "frontend.drug", "fields": {"record": 17, "amount": "1.5", "size": 40, "period": "evening", "name": "lasix"}}, {"pk": 8, "model": "frontend.drug", "fields": {"record": 19, "amount": "1.5", "size": 40, "period": "evening", "name": "lasix"}}, {"pk": 1, "model": "frontend.pressure", "fields": {"down": 80, "record": 1, "period": "morning", "up": 120}}, {"pk": 2, "model": "frontend.pressure", "fields": {"down": 90, "record": 1, "period": "afternoon", "up": 110}}, {"pk": 3, "model": "frontend.pressure", "fields": {"down": 80, "record": 3, "period": "evening", "up": 120}}, {"pk": 4, "model": "frontend.pressure", "fields": {"down": 90, "record": 7, "period": "morning", "up": 120}}, {"pk": 5, "model": "frontend.pressure", "fields": {"down": 80, "record": 12, "period": "afternoon", "up": 120}}, {"pk": 6, "model": "frontend.pressure", "fields": {"down": 80, "record": 16, "period": "evening", "up": 120}}, {"pk": 7, "model": "frontend.pressure", "fields": {"down": 80, "record": 17, "period": "evening", "up": 120}}, {"pk": 8, "model": "frontend.pressure", "fields": {"down": 80, "record": 19, "period": "evening", "up": 120}}, {"pk": 1, "model": "frontend.weight", "fields": {"record": 1, "period": "morning", "weight": "50"}}, {"pk": 2, "model": "frontend.weight", "fields": {"record": 1, "period": "afternoon", "weight": "55"}}, {"pk": 3, "model": "frontend.weight", "fields": {"record": 1, "period": "evening", "weight": "45.5"}}, {"pk": 4, "model": "frontend.weight", "fields": {"record": 2, "period": "morning", "weight": "57"}}, {"pk": 5, "model": "frontend.weight", "fields": {"record": 3, "period": "evening", "weight": "55"}}, {"pk": 6, "model": "frontend.weight", "fields": {"record": 4, "period": "morning", "weight": "50"}}, {"pk": 7, "model": "frontend.weight", "fields": {"record": 5, "period": "morning", "weight": "55"}}, {"pk": 8, "model": "frontend.weight", "fields": {"record": 5, "period": "afternoon", "weight": "56"}}, {"pk": 9, "model": "frontend.weight", "fields": {"record": 8, "period": "afternoon", "weight": "60"}}, {"pk": 10, "model": "frontend.weight", "fields": {"record": 9, "period": "evening", "weight": "50"}}, {"pk": 11, "model": "frontend.weight", "fields": {"record": 10, "period": "morning", "weight": "50"}}, {"pk": 12, "model": "frontend.weight", "fields": {"record": 11, "period": "evening", "weight": "50"}}, {"pk": 13, "model": "frontend.weight", "fields": {"record": 12, "period": "afternoon", "weight": "55.5"}}, {"pk": 15, "model": "frontend.weight", "fields": {"record": 15, "period": "morning", "weight": "50"}}, {"pk": 16, "model": "frontend.weight", "fields": {"record": 15, "period": "afternoon", "weight": "55"}}, {"pk": 17, "model": "frontend.weight", "fields": {"record": 17, "period": "evening", "weight": "60"}}, {"pk": 18, "model": "frontend.weight", "fields": {"record": 18, "period": "evening", "weight": "50"}}, {"pk": 19, "model": "frontend.weight", "fields": {"record": 19, "period": "evening", "weight": "55.5"}}]