[{"pk": 1, "model": "frontend.patient", "fields": {"contact_number": "0860216060", "firstname": "\u0e0a\u0e22\u0e27\u0e38\u0e12\u0e34", "lastname": "\u0e2a\u0e38\u0e01\u0e1b\u0e25\u0e31\u0e48\u0e07", "confirm_by": "email", "sound_for_name": "", "hn": "2466/55", "email": "chaiyawut.so@gmail.com"}}, {"pk": 1, "model": "frontend.log", "fields": {"email_count": 34, "sms_count": 0, "created": "2013-02-05"}}, {"pk": 1, "model": "frontend.record", "fields": {"status": "\u0e15\u0e2d\u0e1a\u0e01\u0e25\u0e31\u0e1a\u0e41\u0e25\u0e49\u0e27", "submitted_by": "web", "patient": 1, "voicemail": "", "period": "evening", "datetime": "2013-02-04T08:03:27Z"}}, {"pk": 3, "model": "frontend.record", "fields": {"status": "\u0e15\u0e2d\u0e1a\u0e01\u0e25\u0e31\u0e1a\u0e41\u0e25\u0e49\u0e27", "submitted_by": "web", "patient": 1, "voicemail": "", "period": "afternoon", "datetime": "2013-02-05T03:46:24Z"}}, {"pk": 4, "model": "frontend.record", "fields": {"status": "\u0e15\u0e2d\u0e1a\u0e01\u0e25\u0e31\u0e1a\u0e41\u0e25\u0e49\u0e27", "submitted_by": "web", "patient": 1, "voicemail": "", "period": "morning", "datetime": "2013-02-06T03:46:24Z"}}, {"pk": 5, "model": "frontend.record", "fields": {"status": "\u0e15\u0e2d\u0e1a\u0e01\u0e25\u0e31\u0e1a\u0e41\u0e25\u0e49\u0e27", "submitted_by": "web", "patient": 1, "voicemail": "", "period": "afternoon", "datetime": "2013-02-07T03:46:24Z"}}, {"pk": 6, "model": "frontend.record", "fields": {"status": "\u0e15\u0e2d\u0e1a\u0e01\u0e25\u0e31\u0e1a\u0e41\u0e25\u0e49\u0e27", "submitted_by": "web", "patient": 1, "voicemail": "", "period": "morning", "datetime": "2013-02-07T06:10:16Z"}}, {"pk": 7, "model": "frontend.record", "fields": {"status": "\u0e15\u0e2d\u0e1a\u0e01\u0e25\u0e31\u0e1a\u0e41\u0e25\u0e49\u0e27", "submitted_by": "web", "patient": 1, "voicemail": "", "period": "evening", "datetime": "2013-02-11T06:10:16.743Z"}}, {"pk": 8, "model": "frontend.record", "fields": {"status": "\u0e15\u0e2d\u0e1a\u0e01\u0e25\u0e31\u0e1a\u0e41\u0e25\u0e49\u0e27", "submitted_by": "web", "patient": 1, "voicemail": "", "period": "afternoon", "datetime": "2013-02-03T07:21:51Z"}}, {"pk": 9, "model": "frontend.record", "fields": {"status": "\u0e15\u0e2d\u0e1a\u0e01\u0e25\u0e31\u0e1a\u0e41\u0e25\u0e49\u0e27", "submitted_by": "web", "patient": 1, "voicemail": "", "period": "morning", "datetime": "2013-02-11T07:26:55.013Z"}}, {"pk": 10, "model": "frontend.record", "fields": {"status": "\u0e15\u0e2d\u0e1a\u0e01\u0e25\u0e31\u0e1a\u0e41\u0e25\u0e49\u0e27", "submitted_by": "web", "patient": 1, "voicemail": "", "period": "afternoon", "datetime": "2013-02-11T07:26:55.013Z"}}, {"pk": 11, "model": "frontend.record", "fields": {"status": "\u0e23\u0e2d\u0e01\u0e32\u0e23\u0e15\u0e2d\u0e1a\u0e01\u0e25\u0e31\u0e1a", "submitted_by": "web", "patient": 1, "voicemail": "", "period": "morning", "datetime": "2013-02-12T05:16:36.190Z"}}, {"pk": 1, "model": "frontend.response", "fields": {"deleted": false, "record": 1, "nurse": 1, "reply_text": "\u0e40\u0e23\u0e32\u0e17\u0e1a\u0e17\u0e27\u0e19\u0e02\u0e49\u0e2d\u0e21\u0e39\u0e25\u0e02\u0e2d\u0e07\u0e04\u0e38\u0e13\u0e41\u0e25\u0e49\u0e27 \u0e44\u0e21\u0e48\u0e1b\u0e23\u0e31\u0e1a\u0e22\u0e32 \u0e43\u0e2b\u0e49\u0e17\u0e32\u0e19\u0e40\u0e2b\u0e21\u0e37\u0e2d\u0e19\u0e40\u0e14\u0e34\u0e21 \u0e02\u0e2d\u0e1a\u0e04\u0e38\u0e13\u0e04\u0e48\u0e30||"}}, {"pk": 3, "model": "frontend.response", "fields": {"deleted": false, "record": 3, "nurse": 1, "reply_text": "\u0e40\u0e23\u0e32\u0e17\u0e1a\u0e17\u0e27\u0e19\u0e02\u0e49\u0e2d\u0e21\u0e39\u0e25\u0e02\u0e2d\u0e07\u0e04\u0e38\u0e13\u0e41\u0e25\u0e49\u0e27 \u0e44\u0e21\u0e48\u0e1b\u0e23\u0e31\u0e1a\u0e22\u0e32 \u0e43\u0e2b\u0e49\u0e17\u0e32\u0e19\u0e40\u0e2b\u0e21\u0e37\u0e2d\u0e19\u0e40\u0e14\u0e34\u0e21 \u0e02\u0e2d\u0e1a\u0e04\u0e38\u0e13\u0e04\u0e48\u0e30||"}}, {"pk": 4, "model": "frontend.response", "fields": {"deleted": false, "record": 4, "nurse": 1, "reply_text": "\u0e40\u0e23\u0e32\u0e17\u0e1a\u0e17\u0e27\u0e19\u0e02\u0e49\u0e2d\u0e21\u0e39\u0e25\u0e02\u0e2d\u0e07\u0e04\u0e38\u0e13\u0e41\u0e25\u0e49\u0e27 \u0e44\u0e21\u0e48\u0e1b\u0e23\u0e31\u0e1a\u0e22\u0e32 \u0e43\u0e2b\u0e49\u0e17\u0e32\u0e19\u0e40\u0e2b\u0e21\u0e37\u0e2d\u0e19\u0e40\u0e14\u0e34\u0e21 \u0e02\u0e2d\u0e1a\u0e04\u0e38\u0e13\u0e04\u0e48\u0e30||"}}, {"pk": 5, "model": "frontend.response", "fields": {"deleted": false, "record": 5, "nurse": 1, "reply_text": "\u0e40\u0e23\u0e32\u0e17\u0e1a\u0e17\u0e27\u0e19\u0e02\u0e49\u0e2d\u0e21\u0e39\u0e25\u0e02\u0e2d\u0e07\u0e04\u0e38\u0e13\u0e41\u0e25\u0e49\u0e27 \u0e44\u0e21\u0e48\u0e1b\u0e23\u0e31\u0e1a\u0e22\u0e32 \u0e43\u0e2b\u0e49\u0e17\u0e32\u0e19\u0e40\u0e2b\u0e21\u0e37\u0e2d\u0e19\u0e40\u0e14\u0e34\u0e21 \u0e02\u0e2d\u0e1a\u0e04\u0e38\u0e13\u0e04\u0e48\u0e30||"}}, {"pk": 6, "model": "frontend.response", "fields": {"deleted": false, "record": 6, "nurse": 1, "reply_text": "\u0e40\u0e23\u0e32\u0e17\u0e1a\u0e17\u0e27\u0e19\u0e02\u0e49\u0e2d\u0e21\u0e39\u0e25\u0e02\u0e2d\u0e07\u0e04\u0e38\u0e13\u0e41\u0e25\u0e49\u0e27 \u0e44\u0e21\u0e48\u0e1b\u0e23\u0e31\u0e1a\u0e22\u0e32 \u0e43\u0e2b\u0e49\u0e17\u0e32\u0e19\u0e40\u0e2b\u0e21\u0e37\u0e2d\u0e19\u0e40\u0e14\u0e34\u0e21 \u0e02\u0e2d\u0e1a\u0e04\u0e38\u0e13\u0e04\u0e48\u0e30||"}}, {"pk": 7, "model": "frontend.response", "fields": {"deleted": false, "record": 7, "nurse": 1, "reply_text": "\u0e40\u0e23\u0e32\u0e17\u0e1a\u0e17\u0e27\u0e19\u0e02\u0e49\u0e2d\u0e21\u0e39\u0e25\u0e02\u0e2d\u0e07\u0e04\u0e38\u0e13\u0e41\u0e25\u0e49\u0e27 \u0e44\u0e21\u0e48\u0e1b\u0e23\u0e31\u0e1a\u0e22\u0e32 \u0e43\u0e2b\u0e49\u0e17\u0e32\u0e19\u0e40\u0e2b\u0e21\u0e37\u0e2d\u0e19\u0e40\u0e14\u0e34\u0e21 \u0e02\u0e2d\u0e1a\u0e04\u0e38\u0e13\u0e04\u0e48\u0e30||"}}, {"pk": 8, "model": "frontend.response", "fields": {"deleted": false, "record": 8, "nurse": 1, "reply_text": "\u0e40\u0e23\u0e32\u0e17\u0e1a\u0e17\u0e27\u0e19\u0e02\u0e49\u0e2d\u0e21\u0e39\u0e25\u0e02\u0e2d\u0e07\u0e04\u0e38\u0e13\u0e41\u0e25\u0e49\u0e27 \u0e44\u0e21\u0e48\u0e1b\u0e23\u0e31\u0e1a\u0e22\u0e32 \u0e43\u0e2b\u0e49\u0e17\u0e32\u0e19\u0e40\u0e2b\u0e21\u0e37\u0e2d\u0e19\u0e40\u0e14\u0e34\u0e21 \u0e02\u0e2d\u0e1a\u0e04\u0e38\u0e13\u0e04\u0e48\u0e30||"}}, {"pk": 9, "model": "frontend.response", "fields": {"deleted": false, "record": 9, "nurse": 1, "reply_text": "\u0e40\u0e23\u0e32\u0e17\u0e1a\u0e17\u0e27\u0e19\u0e02\u0e49\u0e2d\u0e21\u0e39\u0e25\u0e02\u0e2d\u0e07\u0e04\u0e38\u0e13\u0e41\u0e25\u0e49\u0e27 \u0e44\u0e21\u0e48\u0e1b\u0e23\u0e31\u0e1a\u0e22\u0e32 \u0e43\u0e2b\u0e49\u0e17\u0e32\u0e19\u0e40\u0e2b\u0e21\u0e37\u0e2d\u0e19\u0e40\u0e14\u0e34\u0e21 \u0e02\u0e2d\u0e1a\u0e04\u0e38\u0e13\u0e04\u0e48\u0e30||"}}, {"pk": 10, "model": "frontend.response", "fields": {"deleted": false, "record": 10, "nurse": 1, "reply_text": "\u0e40\u0e23\u0e32\u0e17\u0e1a\u0e17\u0e27\u0e19\u0e02\u0e49\u0e2d\u0e21\u0e39\u0e25\u0e02\u0e2d\u0e07\u0e04\u0e38\u0e13\u0e41\u0e25\u0e49\u0e27 \u0e44\u0e21\u0e48\u0e1b\u0e23\u0e31\u0e1a\u0e22\u0e32 \u0e43\u0e2b\u0e49\u0e17\u0e32\u0e19\u0e40\u0e2b\u0e21\u0e37\u0e2d\u0e19\u0e40\u0e14\u0e34\u0e21 \u0e02\u0e2d\u0e1a\u0e04\u0e38\u0e13\u0e04\u0e48\u0e30||"}}, {"pk": 1, "model": "frontend.drug", "fields": {"record": 1, "amount": "0", "name": "lasix", "size": 40}}, {"pk": 3, "model": "frontend.drug", "fields": {"record": 3, "amount": "1", "name": "lasix", "size": 40}}, {"pk": 4, "model": "frontend.drug", "fields": {"record": 4, "amount": "0", "name": "lasix", "size": 40}}, {"pk": 5, "model": "frontend.drug", "fields": {"record": 5, "amount": "1", "name": "lasix", "size": 40}}, {"pk": 6, "model": "frontend.drug", "fields": {"record": 6, "amount": "1", "name": "lasix", "size": 40}}, {"pk": 7, "model": "frontend.drug", "fields": {"record": 7, "amount": "1.5", "name": "lasix", "size": 40}}, {"pk": 8, "model": "frontend.drug", "fields": {"record": 8, "amount": "1.5", "name": "lasix", "size": 40}}, {"pk": 9, "model": "frontend.drug", "fields": {"record": 9, "amount": "0", "name": "lasix", "size": 40}}, {"pk": 10, "model": "frontend.drug", "fields": {"record": 10, "amount": "0", "name": "lasix", "size": 40}}, {"pk": 11, "model": "frontend.drug", "fields": {"record": 11, "amount": "0", "name": "lasix", "size": 40}}, {"pk": 1, "model": "frontend.pressure", "fields": {"down": 80, "record": 4, "up": 120}}, {"pk": 2, "model": "frontend.pressure", "fields": {"down": 76, "record": 5, "up": 123}}, {"pk": 3, "model": "frontend.pressure", "fields": {"down": 90, "record": 10, "up": 120}}, {"pk": 4, "model": "frontend.pressure", "fields": {"down": 80, "record": 9, "up": 120}}, {"pk": 1, "model": "frontend.weight", "fields": {"record": 1, "weight": "45"}}, {"pk": 3, "model": "frontend.weight", "fields": {"record": 3, "weight": "55"}}, {"pk": 4, "model": "frontend.weight", "fields": {"record": 4, "weight": "40"}}, {"pk": 5, "model": "frontend.weight", "fields": {"record": 5, "weight": "55"}}, {"pk": 6, "model": "frontend.weight", "fields": {"record": 6, "weight": "70"}}, {"pk": 7, "model": "frontend.weight", "fields": {"record": 7, "weight": "45"}}, {"pk": 8, "model": "frontend.weight", "fields": {"record": 8, "weight": "56"}}, {"pk": 9, "model": "frontend.weight", "fields": {"record": 9, "weight": "45"}}, {"pk": 10, "model": "frontend.weight", "fields": {"record": 10, "weight": "53"}}, {"pk": 11, "model": "frontend.weight", "fields": {"record": 11, "weight": "56"}}]